origin_machi,dest_machi,trips,origin_name,dest_name
higashi-01,hikari-06,10753.36,Kita-FuruTsuki-machi,Shin-NakaSuna-machi
higashi-01,hikari-07,10721.06,Kita-FuruTsuki-machi,Shin-TsukiNami-machi
hikari-07,hikari-07,8237.99,Shin-TsukiNami-machi,Shin-TsukiNami-machi
hikari-03,hikari-03,5950.16,Higashi-YamaNaga-machi,Higashi-YamaNaga-machi
hikari-06,hikari-06,5806.15,Shin-NakaSuna-machi,Shin-NakaSuna-machi
higashi-01,hikari-02,5668.54,Kita-FuruTsuki-machi,Ō-KitaTani-machi
higashi-01,hikari-03,5384.5,Kita-FuruTsuki-machi,Higashi-YamaNaga-machi
hikari-02,hikari-02,4620.0,Ō-KitaTani-machi,Ō-KitaTani-machi
hikari-01,hikari-01,4514.65,TaniUmi-machi,TaniUmi-machi
naka-10,hikari-03,4152.17,Higashi-NamiShio-machi,Higashi-YamaNaga-machi
naka-10,hikari-07,3498.32,Higashi-NamiShio-machi,Shin-TsukiNami-machi
hikari-06,hikari-07,3488.63,Shin-NakaSuna-machi,Shin-TsukiNami-machi
hikari-04,hikari-04,3306.93,Higashi-TakeTera-machi,Higashi-TakeTera-machi
higashi-01,hikari-01,3196.63,Kita-FuruTsuki-machi,TaniUmi-machi
naka-08,hikari-03,3168.32,Yū-HigashiAo-machi,Higashi-YamaNaga-machi
hikari-02,hikari-07,3114.28,Ō-KitaTani-machi,Shin-TsukiNami-machi
naka-07,hikari-07,2955.05,Shiro-ShioSaka-machi,Shin-TsukiNami-machi
hikari-07,hikari-03,2865.89,Shin-TsukiNami-machi,Higashi-YamaNaga-machi
naka-08,hikari-07,2857.63,Yū-HigashiAo-machi,Shin-TsukiNami-machi
naka-03,hikari-07,2848.93,KamiSuzu-machi,Shin-TsukiNami-machi
higashi-01,hikari-05,2795.09,Kita-FuruTsuki-machi,Ko-WaAkebono-machi
higashi-01,hikari-04,2769.7,Kita-FuruTsuki-machi,Higashi-TakeTera-machi
higashi-01,naka-05,2758.13,Kita-FuruTsuki-machi,AkebonoMiya-machi
naka-07,hikari-03,2660.12,Shiro-ShioSaka-machi,Higashi-YamaNaga-machi
higashi-01,hikari-08,2448.84,Kita-FuruTsuki-machi,Hon-MiyaWa-machi
naka-05,hikari-03,2433.92,AkebonoMiya-machi,Higashi-YamaNaga-machi
hikari-07,hikari-06,2425.66,Shin-TsukiNami-machi,Shin-NakaSuna-machi
hikari-03,hikari-07,2407.07,Higashi-YamaNaga-machi,Shin-TsukiNami-machi
naka-10,tsukimachi-04,2308.6,Higashi-NamiShio-machi,Kurenai-HikariKura-machi
naka-05,hikari-07,2296.2,AkebonoMiya-machi,Shin-TsukiNami-machi
hikari-05,hikari-05,2291.57,Ko-WaAkebono-machi,Ko-WaAkebono-machi
hikari-02,hikari-06,2223.28,Ō-KitaTani-machi,Shin-NakaSuna-machi
tsukimachi-04,tsukimachi-04,2168.63,Kurenai-HikariKura-machi,Kurenai-HikariKura-machi
hikari-06,hikari-02,2146.43,Shin-NakaSuna-machi,Ō-KitaTani-machi
hikari-07,hikari-02,2090.53,Shin-TsukiNami-machi,Ō-KitaTani-machi
hikari-02,hikari-03,2072.64,Ō-KitaTani-machi,Higashi-YamaNaga-machi
naka-10,naka-05,2042.08,Higashi-NamiShio-machi,AkebonoMiya-machi
hikari-05,hikari-03,1982.5,Ko-WaAkebono-machi,Higashi-YamaNaga-machi
hikari-04,hikari-01,1978.69,Higashi-TakeTera-machi,TaniUmi-machi
naka-05,naka-05,1962.48,AkebonoMiya-machi,AkebonoMiya-machi
naka-03,hikari-03,1889.29,KamiSuzu-machi,Higashi-YamaNaga-machi
hikari-05,hikari-07,1873.15,Ko-WaAkebono-machi,Shin-TsukiNami-machi
hikari-05,hikari-01,1823.61,Ko-WaAkebono-machi,TaniUmi-machi
tetsuba-02,hikari-07,1822.11,MinamiNaka-machi,Shin-TsukiNami-machi
hikari-02,hikari-01,1817.92,Ō-KitaTani-machi,TaniUmi-machi
higashi-03,hikari-07,1801.72,Yū-HikariTani-machi,Shin-TsukiNami-machi
hikari-06,hikari-03,1765.17,Shin-NakaSuna-machi,Higashi-YamaNaga-machi
minami-06,hikari-07,1764.07,Kurenai-MinatoKura-machi,Shin-TsukiNami-machi
naka-10,hikari-01,1747.69,Higashi-NamiShio-machi,TaniUmi-machi
tetsuba-02,hikari-06,1737.99,MinamiNaka-machi,Shin-NakaSuna-machi
hikari-01,hikari-03,1719.49,TaniUmi-machi,Higashi-YamaNaga-machi
hikari-03,hikari-01,1717.01,Higashi-YamaNaga-machi,TaniUmi-machi
minami-06,hikari-06,1716.02,Kurenai-MinatoKura-machi,Shin-NakaSuna-machi
naka-08,naka-05,1657.32,Yū-HigashiAo-machi,AkebonoMiya-machi
naka-03,hikari-06,1657.01,KamiSuzu-machi,Shin-NakaSuna-machi
higashi-03,hikari-06,1625.93,Yū-HikariTani-machi,Shin-NakaSuna-machi
minami-08,hikari-06,1617.05,BashiHikari-machi,Shin-NakaSuna-machi
hikari-07,hikari-01,1594.94,Shin-TsukiNami-machi,TaniUmi-machi
hikari-08,hikari-07,1584.97,Hon-MiyaWa-machi,Shin-TsukiNami-machi
hikari-02,hikari-04,1533.55,Ō-KitaTani-machi,Higashi-TakeTera-machi
tsukimachi-04,hikari-03,1528.88,Kurenai-HikariKura-machi,Higashi-YamaNaga-machi
naka-10,hikari-06,1528.14,Higashi-NamiShio-machi,Shin-NakaSuna-machi
hikari-02,hikari-05,1495.95,Ō-KitaTani-machi,Ko-WaAkebono-machi
hikari-09,hikari-07,1491.2,MinamiAshi-machi,Shin-TsukiNami-machi
minami-08,hikari-07,1476.99,BashiHikari-machi,Shin-TsukiNami-machi
naka-07,naka-05,1475.71,Shiro-ShioSaka-machi,AkebonoMiya-machi
hikari-01,hikari-04,1460.77,TaniUmi-machi,Higashi-TakeTera-machi
tetsuba-04,hikari-07,1451.53,Ao-IshiIkari-machi,Shin-TsukiNami-machi
naka-07,hikari-06,1444.39,Shiro-ShioSaka-machi,Shin-NakaSuna-machi
hikari-07,hikari-05,1415.77,Shin-TsukiNami-machi,Ko-WaAkebono-machi
hikari-08,hikari-06,1410.8,Hon-MiyaWa-machi,Shin-NakaSuna-machi
minami-05,hikari-06,1410.5,Yū-BashiAka-machi,Shin-NakaSuna-machi
higashi-02,hikari-07,1381.71,NishiMiya-machi,Shin-TsukiNami-machi
hikari-01,hikari-07,1341.53,TaniUmi-machi,Shin-TsukiNami-machi
hikari-05,hikari-02,1328.6,Ko-WaAkebono-machi,Ō-KitaTani-machi
naka-10,hikari-02,1319.98,Higashi-NamiShio-machi,Ō-KitaTani-machi
naka-08,hikari-01,1293.33,Yū-HigashiAo-machi,TaniUmi-machi
minato_kita-04,hikari-06,1274.75,Ao-KawaYama-machi,Shin-NakaSuna-machi
minami-05,hikari-07,1271.91,Yū-BashiAka-machi,Shin-TsukiNami-machi
hikari-03,hikari-05,1258.53,Higashi-YamaNaga-machi,Ko-WaAkebono-machi
naka-10,hikari-05,1252.31,Higashi-NamiShio-machi,Ko-WaAkebono-machi
hikari-04,hikari-07,1240.91,Higashi-TakeTera-machi,Shin-TsukiNami-machi
hikari-07,naka-05,1236.67,Shin-TsukiNami-machi,AkebonoMiya-machi
naka-08,hikari-06,1235.0,Yū-HigashiAo-machi,Shin-NakaSuna-machi
hikari-04,hikari-03,1233.22,Higashi-TakeTera-machi,Higashi-YamaNaga-machi
hikari-06,hikari-01,1221.86,Shin-NakaSuna-machi,TaniUmi-machi
nishi-06,hikari-01,1208.35,Haru-KitaBashi-machi,TaniUmi-machi
nishi-06,hikari-03,1200.58,Haru-KitaBashi-machi,Higashi-YamaNaga-machi
higashi-01,hikari-09,1191.75,Kita-FuruTsuki-machi,MinamiAshi-machi
minami-01,hikari-06,1173.69,Midori-IshiShiro-machi,Shin-NakaSuna-machi
hikari-04,hikari-02,1172.87,Higashi-TakeTera-machi,Ō-KitaTani-machi
hikari-03,hikari-02,1168.56,Higashi-YamaNaga-machi,Ō-KitaTani-machi
hikari-01,hikari-05,1159.33,TaniUmi-machi,Ko-WaAkebono-machi
minami-01,hikari-07,1147.68,Midori-IshiShiro-machi,Shin-TsukiNami-machi
hikari-05,hikari-04,1145.37,Ko-WaAkebono-machi,Higashi-TakeTera-machi
minato_kita-04,hikari-07,1112.84,Ao-KawaYama-machi,Shin-TsukiNami-machi
hikari-03,naka-05,1100.98,Higashi-YamaNaga-machi,AkebonoMiya-machi
rural_south-04,hikari-01,1094.07,Shiro-AoKita-machi,TaniUmi-machi
hikari-07,hikari-04,1089.16,Shin-TsukiNami-machi,Higashi-TakeTera-machi
naka-07,hikari-01,1085.16,Shiro-ShioSaka-machi,TaniUmi-machi
naka-08,hikari-02,1076.05,Yū-HigashiAo-machi,Ō-KitaTani-machi
naka-03,naka-05,1071.13,KamiSuzu-machi,AkebonoMiya-machi
naka-07,hikari-02,1060.37,Shiro-ShioSaka-machi,Ō-KitaTani-machi
hikari-06,hikari-05,1058.56,Shin-NakaSuna-machi,Ko-WaAkebono-machi
naka-03,hikari-02,1051.39,KamiSuzu-machi,Ō-KitaTani-machi
higashi-02,hikari-06,1050.61,NishiMiya-machi,Shin-NakaSuna-machi
hikari-03,hikari-06,1030.84,Higashi-YamaNaga-machi,Shin-NakaSuna-machi
hikari-01,hikari-02,1026.42,TaniUmi-machi,Ō-KitaTani-machi
naka-05,hikari-01,1012.44,AkebonoMiya-machi,TaniUmi-machi
hikari-06,hikari-04,1011.92,Shin-NakaSuna-machi,Higashi-TakeTera-machi
tetsuba-04,hikari-06,1001.98,Ao-IshiIkari-machi,Shin-NakaSuna-machi
tsukimachi-04,hikari-07,999.81,Kurenai-HikariKura-machi,Shin-TsukiNami-machi
naka-07,tsukimachi-04,991.63,Shiro-ShioSaka-machi,Kurenai-HikariKura-machi
hikari-04,hikari-05,986.32,Higashi-TakeTera-machi,Ko-WaAkebono-machi
naka-08,hikari-05,983.81,Yū-HigashiAo-machi,Ko-WaAkebono-machi
hikari-10,hikari-07,982.01,Ko-TenHigashi-machi,Shin-TsukiNami-machi
hikari-05,hikari-06,973.8,Ko-WaAkebono-machi,Shin-NakaSuna-machi
naka-05,hikari-06,959.94,AkebonoMiya-machi,Shin-NakaSuna-machi
rural_south-04,hikari-04,957.54,Shiro-AoKita-machi,Higashi-TakeTera-machi
hikari-09,hikari-06,957.1,MinamiAshi-machi,Shin-NakaSuna-machi
higashi-03,hikari-03,955.52,Yū-HikariTani-machi,Higashi-YamaNaga-machi
naka-08,tsukimachi-04,918.71,Yū-HigashiAo-machi,Kurenai-HikariKura-machi
tetsuba-02,hikari-03,910.76,MinamiNaka-machi,Higashi-YamaNaga-machi
hikari-03,hikari-04,909.12,Higashi-YamaNaga-machi,Higashi-TakeTera-machi
tetsuba-04,hikari-03,907.9,Ao-IshiIkari-machi,Higashi-YamaNaga-machi
tetsuba-02,hikari-02,907.88,MinamiNaka-machi,Ō-KitaTani-machi
naka-05,hikari-02,897.91,AkebonoMiya-machi,Ō-KitaTani-machi
minami-06,hikari-02,896.21,Kurenai-MinatoKura-machi,Ō-KitaTani-machi
naka-10,hikari-04,895.79,Higashi-NamiShio-machi,Higashi-TakeTera-machi
minami-06,hikari-03,884.5,Kurenai-MinatoKura-machi,Higashi-YamaNaga-machi
minami-08,hikari-02,879.58,BashiHikari-machi,Ō-KitaTani-machi
higashi-01,tsukimachi-04,878.82,Kita-FuruTsuki-machi,Kurenai-HikariKura-machi
naka-07,hikari-05,863.98,Shiro-ShioSaka-machi,Ko-WaAkebono-machi
hikari-09,hikari-03,852.59,MinamiAshi-machi,Higashi-YamaNaga-machi
higashi-03,hikari-02,849.08,Yū-HikariTani-machi,Ō-KitaTani-machi
nishi-03,hikari-03,844.73,Ō-TsukiUmi-machi,Higashi-YamaNaga-machi
naka-03,hikari-01,831.86,KamiSuzu-machi,TaniUmi-machi
higashi-02,hikari-03,820.06,NishiMiya-machi,Higashi-YamaNaga-machi
hikari-10,hikari-03,813.11,Ko-TenHigashi-machi,Higashi-YamaNaga-machi
naka-05,hikari-05,810.93,AkebonoMiya-machi,Ko-WaAkebono-machi
hikari-04,hikari-06,801.63,Higashi-TakeTera-machi,Shin-NakaSuna-machi
hikari-08,hikari-03,788.64,Hon-MiyaWa-machi,Higashi-YamaNaga-machi
nishi-03,hikari-01,770.32,Ō-TsukiUmi-machi,TaniUmi-machi
minami-05,hikari-02,769.98,Yū-BashiAka-machi,Ō-KitaTani-machi
tsukimachi-04,hikari-01,762.27,Kurenai-HikariKura-machi,TaniUmi-machi
tsukimachi-01,hikari-03,759.23,Shimo-HaraHikari-machi,Higashi-YamaNaga-machi
hikari-08,hikari-02,754.84,Hon-MiyaWa-machi,Ō-KitaTani-machi
tetsuba-07,hikari-07,749.13,Minami-MinamiAme-machi,Shin-TsukiNami-machi
hikari-06,naka-05,743.55,Shin-NakaSuna-machi,AkebonoMiya-machi
minami-08,hikari-03,725.53,BashiHikari-machi,Higashi-YamaNaga-machi
hikari-02,naka-05,720.41,Ō-KitaTani-machi,AkebonoMiya-machi
naka-03,hikari-05,718.28,KamiSuzu-machi,Ko-WaAkebono-machi
hikari-01,hikari-06,714.58,TaniUmi-machi,Shin-NakaSuna-machi
naka-08,hikari-04,695.87,Yū-HigashiAo-machi,Higashi-TakeTera-machi
minato_kita-04,hikari-02,692.6,Ao-KawaYama-machi,Ō-KitaTani-machi
nishi-06,hikari-07,687.7,Haru-KitaBashi-machi,Shin-TsukiNami-machi
higashi-01,higashi-01,677.36,Kita-FuruTsuki-machi,Kita-FuruTsuki-machi
naka-09,hikari-07,675.81,Ao-KamiShiro-machi,Shin-TsukiNami-machi
nishi-06,tsukimachi-04,660.03,Haru-KitaBashi-machi,Kurenai-HikariKura-machi
naka-09,hikari-03,653.84,Ao-KamiShiro-machi,Higashi-YamaNaga-machi
tetsuba-05,hikari-07,626.15,Ko-NamiTsuki-machi,Shin-TsukiNami-machi
minami-05,hikari-03,625.13,Yū-BashiAka-machi,Higashi-YamaNaga-machi
minami-01,hikari-02,619.41,Midori-IshiShiro-machi,Ō-KitaTani-machi
naka-07,hikari-04,610.98,Shiro-ShioSaka-machi,Higashi-TakeTera-machi
tsukimachi-04,naka-05,601.45,Kurenai-HikariKura-machi,AkebonoMiya-machi
nishi-06,hikari-04,598.94,Haru-KitaBashi-machi,Higashi-TakeTera-machi
tsukimachi-05,hikari-01,597.7,Ō-KumoHikari-machi,TaniUmi-machi
naka-02,hikari-07,589.95,Shimo-SakuraHiro-machi,Shin-TsukiNami-machi
rural_south-04,hikari-03,589.08,Shiro-AoKita-machi,Higashi-YamaNaga-machi
hikari-09,hikari-02,578.76,MinamiAshi-machi,Ō-KitaTani-machi
hikari-05,naka-05,577.84,Ko-WaAkebono-machi,AkebonoMiya-machi
naka-05,hikari-04,572.36,AkebonoMiya-machi,Higashi-TakeTera-machi
minami-01,hikari-03,569.98,Midori-IshiShiro-machi,Higashi-YamaNaga-machi
higashi-02,hikari-02,569.16,NishiMiya-machi,Ō-KitaTani-machi
tetsuba-04,hikari-02,567.79,Ao-IshiIkari-machi,Ō-KitaTani-machi
minato_kita-04,hikari-03,552.3,Ao-KawaYama-machi,Higashi-YamaNaga-machi
nishi-01,hikari-01,538.03,AmeNami-machi,TaniUmi-machi
tetsuba-07,hikari-03,535.98,Minami-MinamiAme-machi,Higashi-YamaNaga-machi
naka-03,hikari-04,532.66,KamiSuzu-machi,Higashi-TakeTera-machi
tetsuba-02,hikari-01,529.89,MinamiNaka-machi,TaniUmi-machi
tsukimachi-05,hikari-03,521.29,Ō-KumoHikari-machi,Higashi-YamaNaga-machi
higashi-03,naka-05,516.39,Yū-HikariTani-machi,AkebonoMiya-machi
minami-06,hikari-01,516.01,Kurenai-MinatoKura-machi,TaniUmi-machi
tetsuba-04,naka-05,514.94,Ao-IshiIkari-machi,AkebonoMiya-machi
hikari-08,hikari-08,511.23,Hon-MiyaWa-machi,Hon-MiyaWa-machi
rural_south-04,hikari-07,509.46,Shiro-AoKita-machi,Shin-TsukiNami-machi
higashi-03,hikari-01,502.34,Yū-HikariTani-machi,TaniUmi-machi
tsukimachi-01,hikari-01,500.69,Shimo-HaraHikari-machi,TaniUmi-machi
tsukimachi-07,hikari-01,498.53,Soto-TenTsuki-machi,TaniUmi-machi
nishi-06,hikari-05,494.31,Haru-KitaBashi-machi,Ko-WaAkebono-machi
minami-08,hikari-01,488.95,BashiHikari-machi,TaniUmi-machi
rural_south-04,hikari-02,486.93,Shiro-AoKita-machi,Ō-KitaTani-machi
nishi-03,hikari-07,482.64,Ō-TsukiUmi-machi,Shin-TsukiNami-machi
minami-09,hikari-06,479.98,Kurenai-IkariKi-machi,Shin-NakaSuna-machi
tsukimachi-07,hikari-03,478.81,Soto-TenTsuki-machi,Higashi-YamaNaga-machi
naka-02,hikari-03,474.95,Shimo-SakuraHiro-machi,Higashi-YamaNaga-machi
nishi-01,hikari-03,470.91,AmeNami-machi,Higashi-YamaNaga-machi
tetsuba-02,hikari-05,468.06,MinamiNaka-machi,Ko-WaAkebono-machi
tsukimachi-04,hikari-05,466.12,Kurenai-HikariKura-machi,Ko-WaAkebono-machi
hikari-10,naka-05,463.44,Ko-TenHigashi-machi,AkebonoMiya-machi
higashi-02,naka-05,462.1,NishiMiya-machi,AkebonoMiya-machi
hikari-09,naka-05,460.72,MinamiAshi-machi,AkebonoMiya-machi
hikari-01,naka-05,458.64,TaniUmi-machi,AkebonoMiya-machi
hikari-08,hikari-01,455.53,Hon-MiyaWa-machi,TaniUmi-machi
minami-06,hikari-05,454.63,Kurenai-MinatoKura-machi,Ko-WaAkebono-machi
nishi-03,tsukimachi-04,454.22,Ō-TsukiUmi-machi,Kurenai-HikariKura-machi
tetsuba-02,naka-05,453.45,MinamiNaka-machi,AkebonoMiya-machi
tsukimachi-01,tsukimachi-04,451.15,Shimo-HaraHikari-machi,Kurenai-HikariKura-machi
minami-06,naka-05,446.32,Kurenai-MinatoKura-machi,AkebonoMiya-machi
higashi-03,hikari-05,446.26,Yū-HikariTani-machi,Ko-WaAkebono-machi
minami-08,hikari-04,445.35,BashiHikari-machi,Higashi-TakeTera-machi
minami-07,hikari-07,444.25,NagaIkari-machi,Shin-TsukiNami-machi
minami-09,hikari-07,442.03,Kurenai-IkariKi-machi,Shin-TsukiNami-machi
tsukimachi-01,hikari-07,442.0,Shimo-HaraHikari-machi,Shin-TsukiNami-machi
hikari-10,hikari-06,441.63,Ko-TenHigashi-machi,Shin-NakaSuna-machi
tetsuba-08,hikari-07,438.02,Soto-MatsuGin-machi,Shin-TsukiNami-machi
hikari-03,tsukimachi-04,428.75,Higashi-YamaNaga-machi,Kurenai-HikariKura-machi
minami-05,hikari-01,427.99,Yū-BashiAka-machi,TaniUmi-machi
tetsuba-02,hikari-04,427.95,MinamiNaka-machi,Higashi-TakeTera-machi
tetsuba-05,hikari-06,427.54,Ko-NamiTsuki-machi,Shin-NakaSuna-machi
naka-04,hikari-03,426.89,Ko-MinatoAka-machi,Higashi-YamaNaga-machi
tsukimachi-04,hikari-02,426.57,Kurenai-HikariKura-machi,Ō-KitaTani-machi
minami-06,hikari-04,426.1,Kurenai-MinatoKura-machi,Higashi-TakeTera-machi
rural_south-04,hikari-05,425.97,Shiro-AoKita-machi,Ko-WaAkebono-machi
higashi-01,hikari-10,423.6,Kita-FuruTsuki-machi,Ko-TenHigashi-machi
naka-03,tsukimachi-04,421.07,KamiSuzu-machi,Kurenai-HikariKura-machi
minami-08,hikari-05,417.16,BashiHikari-machi,Ko-WaAkebono-machi
tsukimachi-04,hikari-06,416.18,Kurenai-HikariKura-machi,Shin-NakaSuna-machi
tetsuba-02,hikari-08,416.16,MinamiNaka-machi,Hon-MiyaWa-machi
minami-07,hikari-06,414.18,NagaIkari-machi,Shin-NakaSuna-machi
hikari-09,hikari-01,410.91,MinamiAshi-machi,TaniUmi-machi
tetsuba-04,hikari-01,406.44,Ao-IshiIkari-machi,TaniUmi-machi
nishi-06,hikari-02,405.84,Haru-KitaBashi-machi,Ō-KitaTani-machi
hikari-08,hikari-05,403.93,Hon-MiyaWa-machi,Ko-WaAkebono-machi
minami-06,hikari-08,402.83,Kurenai-MinatoKura-machi,Hon-MiyaWa-machi
higashi-03,hikari-04,401.03,Yū-HikariTani-machi,Higashi-TakeTera-machi
hikari-06,hikari-08,400.3,Shin-NakaSuna-machi,Hon-MiyaWa-machi
higashi-03,hikari-08,398.9,Yū-HikariTani-machi,Hon-MiyaWa-machi
tetsuba-07,hikari-06,390.84,Minami-MinamiAme-machi,Shin-NakaSuna-machi
minami-05,hikari-04,388.58,Yū-BashiAka-machi,Higashi-TakeTera-machi
minato_kita-04,hikari-01,386.13,Ao-KawaYama-machi,TaniUmi-machi
tsukimachi-02,hikari-03,385.08,Higashi-KiKumo-machi,Higashi-YamaNaga-machi
hikari-08,naka-05,382.99,Hon-MiyaWa-machi,AkebonoMiya-machi
higashi-02,hikari-01,379.52,NishiMiya-machi,TaniUmi-machi
naka-03,hikari-08,373.07,KamiSuzu-machi,Hon-MiyaWa-machi
naka-05,tsukimachi-04,372.87,AkebonoMiya-machi,Kurenai-HikariKura-machi
tetsuba-05,hikari-03,366.2,Ko-NamiTsuki-machi,Higashi-YamaNaga-machi
nishi-03,hikari-04,365.5,Ō-TsukiUmi-machi,Higashi-TakeTera-machi
tsukimachi-02,tsukimachi-04,364.58,Higashi-KiKumo-machi,Kurenai-HikariKura-machi
minami-05,hikari-05,364.53,Yū-BashiAka-machi,Ko-WaAkebono-machi
naka-04,hikari-07,364.51,Ko-MinatoAka-machi,Shin-TsukiNami-machi
hikari-09,hikari-05,362.93,MinamiAshi-machi,Ko-WaAkebono-machi
tsukimachi-04,hikari-04,360.79,Kurenai-HikariKura-machi,Higashi-TakeTera-machi
tetsuba-04,hikari-05,355.74,Ao-IshiIkari-machi,Ko-WaAkebono-machi
nishi-06,naka-05,355.71,Haru-KitaBashi-machi,AkebonoMiya-machi
hikari-10,hikari-02,355.28,Ko-TenHigashi-machi,Ō-KitaTani-machi
hikari-08,hikari-04,353.81,Hon-MiyaWa-machi,Higashi-TakeTera-machi
naka-09,naka-05,352.01,Ao-KamiShiro-machi,AkebonoMiya-machi
hikari-04,naka-05,351.21,Higashi-TakeTera-machi,AkebonoMiya-machi
minami-01,hikari-01,348.76,Midori-IshiShiro-machi,TaniUmi-machi
naka-03,hikari-09,347.04,KamiSuzu-machi,MinamiAshi-machi
hikari-10,hikari-01,344.63,Ko-TenHigashi-machi,TaniUmi-machi
minami-08,naka-05,342.88,BashiHikari-machi,AkebonoMiya-machi
rural_south-04,hikari-06,340.76,Shiro-AoKita-machi,Shin-NakaSuna-machi
minato_kita-04,hikari-04,338.6,Ao-KawaYama-machi,Higashi-TakeTera-machi
higashi-02,hikari-05,335.52,NishiMiya-machi,Ko-WaAkebono-machi
hikari-07,tsukimachi-04,333.83,Shin-TsukiNami-machi,Kurenai-HikariKura-machi
nishi-03,hikari-05,332.1,Ō-TsukiUmi-machi,Ko-WaAkebono-machi
minato_kita-04,hikari-05,330.28,Ao-KawaYama-machi,Ko-WaAkebono-machi
naka-09,tsukimachi-04,328.83,Ao-KamiShiro-machi,Kurenai-HikariKura-machi
naka-09,hikari-06,327.33,Ao-KamiShiro-machi,Shin-NakaSuna-machi
minami-08,hikari-08,324.04,BashiHikari-machi,Hon-MiyaWa-machi
naka-06,hikari-07,321.07,Aki-UmiNishi-machi,Shin-TsukiNami-machi
tsukimachi-05,hikari-07,320.9,Ō-KumoHikari-machi,Shin-TsukiNami-machi
tetsuba-08,hikari-03,315.64,Soto-MatsuGin-machi,Higashi-YamaNaga-machi
hikari-07,hikari-08,312.69,Shin-TsukiNami-machi,Hon-MiyaWa-machi
naka-04,tsukimachi-04,310.42,Ko-MinatoAka-machi,Kurenai-HikariKura-machi
nishi-06,hikari-06,305.63,Haru-KitaBashi-machi,Shin-NakaSuna-machi
tetsuba-07,naka-05,305.08,Minami-MinamiAme-machi,AkebonoMiya-machi
minami-01,hikari-05,304.07,Midori-IshiShiro-machi,Ko-WaAkebono-machi
minami-01,hikari-04,301.86,Midori-IshiShiro-machi,Higashi-TakeTera-machi
naka-07,hikari-08,292.59,Shiro-ShioSaka-machi,Hon-MiyaWa-machi
minami-03,hikari-06,290.93,KitaHiro-machi,Shin-NakaSuna-machi
minami-05,naka-05,290.06,Yū-BashiAka-machi,AkebonoMiya-machi
naka-02,hikari-06,288.51,Shimo-SakuraHiro-machi,Shin-NakaSuna-machi
hikari-10,hikari-05,286.2,Ko-TenHigashi-machi,Ko-WaAkebono-machi
hikari-09,hikari-09,285.67,MinamiAshi-machi,MinamiAshi-machi
minami-01,naka-05,284.09,Midori-IshiShiro-machi,AkebonoMiya-machi
hikari-09,hikari-04,281.89,MinamiAshi-machi,Higashi-TakeTera-machi
minami-03,hikari-07,280.38,KitaHiro-machi,Shin-TsukiNami-machi
tsukimachi-07,hikari-07,279.38,Soto-TenTsuki-machi,Shin-TsukiNami-machi
tsukimachi-05,hikari-04,277.45,Ō-KumoHikari-machi,Higashi-TakeTera-machi
nishi-01,hikari-04,276.66,AmeNami-machi,Higashi-TakeTera-machi
nishi-01,hikari-07,275.19,AmeNami-machi,Shin-TsukiNami-machi
tetsuba-04,hikari-04,273.69,Ao-IshiIkari-machi,Higashi-TakeTera-machi
naka-07,hikari-09,272.7,Shiro-ShioSaka-machi,MinamiAshi-machi
minami-05,hikari-08,271.89,Yū-BashiAka-machi,Hon-MiyaWa-machi
nishi-03,hikari-02,271.88,Ō-TsukiUmi-machi,Ō-KitaTani-machi
naka-02,naka-05,270.85,Shimo-SakuraHiro-machi,AkebonoMiya-machi
tetsuba-07,hikari-02,269.97,Minami-MinamiAme-machi,Ō-KitaTani-machi
higashi-02,hikari-08,269.55,NishiMiya-machi,Hon-MiyaWa-machi
higashi-02,hikari-04,268.65,NishiMiya-machi,Higashi-TakeTera-machi
naka-10,hikari-08,268.23,Higashi-NamiShio-machi,Hon-MiyaWa-machi
naka-06,hikari-03,267.57,Aki-UmiNishi-machi,Higashi-YamaNaga-machi
naka-09,hikari-01,267.07,Ao-KamiShiro-machi,TaniUmi-machi
tsukimachi-03,hikari-03,266.86,NamiMiya-machi,Higashi-YamaNaga-machi
naka-10,hikari-10,263.78,Higashi-NamiShio-machi,Ko-TenHigashi-machi
minami-01,hikari-08,261.59,Midori-IshiShiro-machi,Hon-MiyaWa-machi
minami-09,hikari-02,260.54,Kurenai-IkariKi-machi,Ō-KitaTani-machi
tsukimachi-01,hikari-05,258.33,Shimo-HaraHikari-machi,Ko-WaAkebono-machi
tetsuba-08,hikari-06,255.07,Soto-MatsuGin-machi,Shin-NakaSuna-machi
tetsuba-04,hikari-08,254.28,Ao-IshiIkari-machi,Hon-MiyaWa-machi
nishi-03,naka-05,253.68,Ō-TsukiUmi-machi,AkebonoMiya-machi
tsukimachi-05,hikari-05,250.34,Ō-KumoHikari-machi,Ko-WaAkebono-machi
tsukimachi-01,naka-05,248.31,Shimo-HaraHikari-machi,AkebonoMiya-machi
tetsuba-05,hikari-02,246.87,Ko-NamiTsuki-machi,Ō-KitaTani-machi
naka-09,hikari-02,243.2,Ao-KamiShiro-machi,Ō-KitaTani-machi
minato_kita-04,naka-05,243.1,Ao-KawaYama-machi,AkebonoMiya-machi
tsukimachi-02,hikari-07,240.3,Higashi-KiKumo-machi,Shin-TsukiNami-machi
tsukimachi-07,hikari-04,237.57,Soto-TenTsuki-machi,Higashi-TakeTera-machi
tetsuba-04,tsukimachi-04,237.26,Ao-IshiIkari-machi,Kurenai-HikariKura-machi
naka-10,hikari-09,236.44,Higashi-NamiShio-machi,MinamiAshi-machi
tetsuba-07,hikari-01,231.18,Minami-MinamiAme-machi,TaniUmi-machi
higashi-01,minami-07,229.71,Kita-FuruTsuki-machi,NagaIkari-machi
tsukimachi-01,hikari-04,228.94,Shimo-HaraHikari-machi,Higashi-TakeTera-machi
minami-07,hikari-03,228.08,NagaIkari-machi,Higashi-YamaNaga-machi
naka-07,hikari-10,226.03,Shiro-ShioSaka-machi,Ko-TenHigashi-machi
higashi-03,hikari-09,225.98,Yū-HikariTani-machi,MinamiAshi-machi
tsukimachi-02,hikari-01,222.1,Higashi-KiKumo-machi,TaniUmi-machi
hikari-02,hikari-08,221.85,Ō-KitaTani-machi,Hon-MiyaWa-machi
tsukimachi-01,hikari-02,217.69,Shimo-HaraHikari-machi,Ō-KitaTani-machi
minami-09,hikari-03,217.24,Kurenai-IkariKi-machi,Higashi-YamaNaga-machi
minami-07,hikari-02,216.21,NagaIkari-machi,Ō-KitaTani-machi
hikari-09,hikari-08,215.89,MinamiAshi-machi,Hon-MiyaWa-machi
hikari-01,tsukimachi-04,214.07,TaniUmi-machi,Kurenai-HikariKura-machi
hikari-02,tsukimachi-04,212.17,Ō-KitaTani-machi,Kurenai-HikariKura-machi
naka-02,hikari-02,211.4,Shimo-SakuraHiro-machi,Ō-KitaTani-machi
nishi-03,hikari-06,211.03,Ō-TsukiUmi-machi,Shin-NakaSuna-machi
nishi-01,hikari-05,210.96,AmeNami-machi,Ko-WaAkebono-machi
higashi-02,tsukimachi-04,210.7,NishiMiya-machi,Kurenai-HikariKura-machi
naka-08,hikari-10,210.15,Yū-HigashiAo-machi,Ko-TenHigashi-machi
naka-04,naka-05,209.59,Ko-MinatoAka-machi,AkebonoMiya-machi
tsukimachi-07,hikari-05,207.59,Soto-TenTsuki-machi,Ko-WaAkebono-machi
tetsuba-03,hikari-07,206.33,Naka-IshiSaka-machi,Shin-TsukiNami-machi
tsukimachi-05,hikari-02,206.31,Ō-KumoHikari-machi,Ō-KitaTani-machi
hikari-05,tsukimachi-04,205.91,Ko-WaAkebono-machi,Kurenai-HikariKura-machi
naka-09,hikari-05,205.5,Ao-KamiShiro-machi,Ko-WaAkebono-machi
naka-08,hikari-08,205.11,Yū-HigashiAo-machi,Hon-MiyaWa-machi
hikari-10,hikari-04,203.87,Ko-TenHigashi-machi,Higashi-TakeTera-machi
tsukimachi-03,hikari-01,203.55,NamiMiya-machi,TaniUmi-machi
tetsuba-05,naka-05,202.46,Ko-NamiTsuki-machi,AkebonoMiya-machi
hikari-06,tsukimachi-04,199.85,Shin-NakaSuna-machi,Kurenai-HikariKura-machi
nishi-01,tsukimachi-04,198.56,AmeNami-machi,Kurenai-HikariKura-machi
naka-02,hikari-01,198.36,Shimo-SakuraHiro-machi,TaniUmi-machi
tetsuba-07,hikari-05,196.63,Minami-MinamiAme-machi,Ko-WaAkebono-machi
tetsuba-04,hikari-09,196.35,Ao-IshiIkari-machi,MinamiAshi-machi
minato_kita-04,hikari-08,195.12,Ao-KawaYama-machi,Hon-MiyaWa-machi
higashi-03,tsukimachi-04,191.51,Yū-HikariTani-machi,Kurenai-HikariKura-machi
higashi-01,tetsuba-08,188.08,Kita-FuruTsuki-machi,Soto-MatsuGin-machi
higashi-02,hikari-09,186.86,NishiMiya-machi,MinamiAshi-machi
minami-06,hikari-09,186.43,Kurenai-MinatoKura-machi,MinamiAshi-machi
tsukimachi-01,hikari-06,186.23,Shimo-HaraHikari-machi,Shin-NakaSuna-machi
naka-04,hikari-01,182.57,Ko-MinatoAka-machi,TaniUmi-machi
tetsuba-02,hikari-09,180.34,MinamiNaka-machi,MinamiAshi-machi
tetsuba-08,naka-05,180.19,Soto-MatsuGin-machi,AkebonoMiya-machi
naka-03,hikari-10,176.07,KamiSuzu-machi,Ko-TenHigashi-machi
nishi-01,hikari-02,175.34,AmeNami-machi,Ō-KitaTani-machi
hikari-07,hikari-09,173.96,Shin-TsukiNami-machi,MinamiAshi-machi
tetsuba-05,hikari-01,172.68,Ko-NamiTsuki-machi,TaniUmi-machi
tsukimachi-03,tsukimachi-04,170.47,NamiMiya-machi,Kurenai-HikariKura-machi
tsukimachi-07,hikari-02,170.46,Soto-TenTsuki-machi,Ō-KitaTani-machi
tetsuba-03,hikari-03,169.8,Naka-IshiSaka-machi,Higashi-YamaNaga-machi
naka-08,hikari-09,169.74,Yū-HigashiAo-machi,MinamiAshi-machi
naka-02,hikari-05,164.34,Shimo-SakuraHiro-machi,Ko-WaAkebono-machi
naka-04,hikari-06,163.01,Ko-MinatoAka-machi,Shin-NakaSuna-machi
hikari-06,hikari-09,160.58,Shin-NakaSuna-machi,MinamiAshi-machi
tetsuba-08,hikari-02,160.46,Soto-MatsuGin-machi,Ō-KitaTani-machi
rural_south-04,naka-05,157.21,Shiro-AoKita-machi,AkebonoMiya-machi
tsukimachi-07,tsukimachi-04,156.12,Soto-TenTsuki-machi,Kurenai-HikariKura-machi
tsukimachi-08,hikari-03,154.68,Shimo-AkebonoNaka-machi,Higashi-YamaNaga-machi
minami-03,hikari-02,154.66,KitaHiro-machi,Ō-KitaTani-machi
tsukimachi-03,hikari-07,153.57,NamiMiya-machi,Shin-TsukiNami-machi
naka-06,naka-05,152.67,Aki-UmiNishi-machi,AkebonoMiya-machi
tetsuba-05,hikari-05,152.39,Ko-NamiTsuki-machi,Ko-WaAkebono-machi
tsukimachi-05,hikari-06,151.52,Ō-KumoHikari-machi,Shin-NakaSuna-machi
minato_kita-03,hikari-06,150.57,Haru-MiyaHigashi-machi,Shin-NakaSuna-machi
hikari-10,tsukimachi-04,150.19,Ko-TenHigashi-machi,Kurenai-HikariKura-machi
naka-06,hikari-06,149.77,Aki-UmiNishi-machi,Shin-NakaSuna-machi
tsukimachi-08,tsukimachi-04,149.45,Shimo-AkebonoNaka-machi,Kurenai-HikariKura-machi
hikari-09,tsukimachi-04,145.06,MinamiAshi-machi,Kurenai-HikariKura-machi
naka-09,hikari-04,145.03,Ao-KamiShiro-machi,Higashi-TakeTera-machi
minami-09,hikari-01,144.84,Kurenai-IkariKi-machi,TaniUmi-machi
tsukimachi-02,naka-05,143.58,Higashi-KiKumo-machi,AkebonoMiya-machi
tetsuba-07,hikari-04,142.86,Minami-MinamiAme-machi,Higashi-TakeTera-machi
hikari-07,hikari-10,140.76,Shin-TsukiNami-machi,Ko-TenHigashi-machi
naka-05,hikari-08,140.3,AkebonoMiya-machi,Hon-MiyaWa-machi
minami-03,hikari-03,138.97,KitaHiro-machi,Higashi-YamaNaga-machi
tsukimachi-05,naka-05,138.14,Ō-KumoHikari-machi,AkebonoMiya-machi
hikari-04,tsukimachi-04,137.25,Higashi-TakeTera-machi,Kurenai-HikariKura-machi
naka-04,hikari-02,135.79,Ko-MinatoAka-machi,Ō-KitaTani-machi
minami-06,tsukimachi-04,133.67,Kurenai-MinatoKura-machi,Kurenai-HikariKura-machi
tsukimachi-07,naka-05,133.47,Soto-TenTsuki-machi,AkebonoMiya-machi
tetsuba-08,hikari-01,133.35,Soto-MatsuGin-machi,TaniUmi-machi
minato_kita-03,hikari-07,132.86,Haru-MiyaHigashi-machi,Shin-TsukiNami-machi
nishi-01,naka-05,132.64,AmeNami-machi,AkebonoMiya-machi
minami-09,hikari-04,132.2,Kurenai-IkariKi-machi,Higashi-TakeTera-machi
tetsuba-02,tsukimachi-04,131.47,MinamiNaka-machi,Kurenai-HikariKura-machi
hikari-03,hikari-08,130.68,Higashi-YamaNaga-machi,Hon-MiyaWa-machi
minami-08,hikari-09,130.36,BashiHikari-machi,MinamiAshi-machi
naka-04,hikari-05,128.34,Ko-MinatoAka-machi,Ko-WaAkebono-machi
hikari-08,hikari-09,127.66,Hon-MiyaWa-machi,MinamiAshi-machi
nishi-01,hikari-06,127.35,AmeNami-machi,Shin-NakaSuna-machi
tsukimachi-07,hikari-06,127.29,Soto-TenTsuki-machi,Shin-NakaSuna-machi
minami-07,hikari-01,126.3,NagaIkari-machi,TaniUmi-machi
minami-09,hikari-05,123.72,Kurenai-IkariKi-machi,Ko-WaAkebono-machi
naka-05,hikari-10,123.35,AkebonoMiya-machi,Ko-TenHigashi-machi
tsukimachi-02,hikari-05,122.09,Higashi-KiKumo-machi,Ko-WaAkebono-machi
minami-07,naka-05,119.21,NagaIkari-machi,AkebonoMiya-machi
tetsuba-05,hikari-04,118.94,Ko-NamiTsuki-machi,Higashi-TakeTera-machi
minami-01,hikari-09,118.22,Midori-IshiShiro-machi,MinamiAshi-machi
naka-02,hikari-04,117.35,Shimo-SakuraHiro-machi,Higashi-TakeTera-machi
nishi-06,tsukimachi-03,116.91,Haru-KitaBashi-machi,NamiMiya-machi
naka-02,tsukimachi-04,115.96,Shimo-SakuraHiro-machi,Kurenai-HikariKura-machi
tetsuba-07,tsukimachi-04,115.73,Minami-MinamiAme-machi,Kurenai-HikariKura-machi
naka-06,hikari-02,115.46,Aki-UmiNishi-machi,Ō-KitaTani-machi
tetsuba-08,hikari-05,112.98,Soto-MatsuGin-machi,Ko-WaAkebono-machi
minami-07,hikari-05,111.85,NagaIkari-machi,Ko-WaAkebono-machi
naka-06,hikari-01,111.8,Aki-UmiNishi-machi,TaniUmi-machi
tetsuba-03,hikari-06,111.27,Naka-IshiSaka-machi,Shin-NakaSuna-machi
tsukimachi-08,hikari-07,110.13,Shimo-AkebonoNaka-machi,Shin-TsukiNami-machi
minami-04,hikari-06,109.83,Shin-SuzuTera-machi,Shin-NakaSuna-machi
hikari-10,hikari-10,107.71,Ko-TenHigashi-machi,Ko-TenHigashi-machi
tsukimachi-02,hikari-02,106.86,Higashi-KiKumo-machi,Ō-KitaTani-machi
naka-01,hikari-07,106.86,Shin-NakaMatsu-machi,Shin-TsukiNami-machi
hikari-08,tsukimachi-04,106.62,Hon-MiyaWa-machi,Kurenai-HikariKura-machi
tetsuba-05,hikari-08,105.56,Ko-NamiTsuki-machi,Hon-MiyaWa-machi
hikari-05,hikari-08,105.43,Ko-WaAkebono-machi,Hon-MiyaWa-machi
minami-04,hikari-07,104.41,Shin-SuzuTera-machi,Shin-TsukiNami-machi
minami-05,hikari-09,104.35,Yū-BashiAka-machi,MinamiAshi-machi
minami-09,naka-05,103.91,Kurenai-IkariKi-machi,AkebonoMiya-machi
minami-07,hikari-04,102.3,NagaIkari-machi,Higashi-TakeTera-machi
tsukimachi-02,hikari-04,102.01,Higashi-KiKumo-machi,Higashi-TakeTera-machi
tsukimachi-05,tsukimachi-04,101.28,Ō-KumoHikari-machi,Kurenai-HikariKura-machi
hikari-02,hikari-09,100.58,Ō-KitaTani-machi,MinamiAshi-machi
minami-07,hikari-08,100.23,NagaIkari-machi,Hon-MiyaWa-machi
tsukimachi-02,hikari-06,99.91,Higashi-KiKumo-machi,Shin-NakaSuna-machi
naka-05,hikari-09,99.8,AkebonoMiya-machi,MinamiAshi-machi
minami-09,hikari-08,98.16,Kurenai-IkariKi-machi,Hon-MiyaWa-machi
hikari-03,hikari-10,97.89,Higashi-YamaNaga-machi,Ko-TenHigashi-machi
minami-08,tsukimachi-04,96.27,BashiHikari-machi,Kurenai-HikariKura-machi
tsukimachi-03,hikari-05,95.95,NamiMiya-machi,Ko-WaAkebono-machi
tetsuba-08,tsukimachi-04,95.63,Soto-MatsuGin-machi,Kurenai-HikariKura-machi
tetsuba-03,naka-05,95.35,Naka-IshiSaka-machi,AkebonoMiya-machi
tsukimachi-03,hikari-04,93.62,NamiMiya-machi,Higashi-TakeTera-machi
naka-06,hikari-05,92.22,Aki-UmiNishi-machi,Ko-WaAkebono-machi
naka-04,hikari-04,92.15,Ko-MinatoAka-machi,Higashi-TakeTera-machi
hikari-06,hikari-10,91.04,Shin-NakaSuna-machi,Ko-TenHigashi-machi
rural_south-04,tsukimachi-04,88.57,Shiro-AoKita-machi,Kurenai-HikariKura-machi
minami-03,hikari-01,86.55,KitaHiro-machi,TaniUmi-machi
tsukimachi-03,naka-05,85.04,NamiMiya-machi,AkebonoMiya-machi
tetsuba-05,hikari-09,84.94,Ko-NamiTsuki-machi,MinamiAshi-machi
minami-01,tsukimachi-04,84.78,Midori-IshiShiro-machi,Kurenai-HikariKura-machi
tetsuba-04,hikari-10,84.71,Ao-IshiIkari-machi,Ko-TenHigashi-machi
hikari-03,hikari-09,83.54,Higashi-YamaNaga-machi,MinamiAshi-machi
minato_kita-03,hikari-02,82.63,Haru-MiyaHigashi-machi,Ō-KitaTani-machi
higashi-03,hikari-10,82.6,Yū-HikariTani-machi,Ko-TenHigashi-machi
tetsuba-08,hikari-04,82.42,Soto-MatsuGin-machi,Higashi-TakeTera-machi
tenro-04,hikari-03,80.23,Ko-AshiKumo-machi,Higashi-YamaNaga-machi
minami-05,tsukimachi-04,80.06,Yū-BashiAka-machi,Kurenai-HikariKura-machi
hikari-04,hikari-08,79.53,Higashi-TakeTera-machi,Hon-MiyaWa-machi
tsukimachi-03,hikari-02,79.34,NamiMiya-machi,Ō-KitaTani-machi
tetsuba-07,hikari-08,79.01,Minami-MinamiAme-machi,Hon-MiyaWa-machi
nishi-03,tsukimachi-03,78.82,Ō-TsukiUmi-machi,NamiMiya-machi
higashi-01,naka-03,77.0,Kita-FuruTsuki-machi,KamiSuzu-machi
minami-03,hikari-04,76.47,KitaHiro-machi,Higashi-TakeTera-machi
hikari-02,hikari-10,75.87,Ō-KitaTani-machi,Ko-TenHigashi-machi
higashi-02,hikari-10,75.84,NishiMiya-machi,Ko-TenHigashi-machi
hikari-01,hikari-08,75.59,TaniUmi-machi,Hon-MiyaWa-machi
minami-03,hikari-05,75.06,KitaHiro-machi,Ko-WaAkebono-machi
tenro-04,hikari-07,74.23,Ko-AshiKumo-machi,Shin-TsukiNami-machi
tsukimachi-08,hikari-01,74.22,Shimo-AkebonoNaka-machi,TaniUmi-machi
tetsuba-03,hikari-02,74.2,Naka-IshiSaka-machi,Ō-KitaTani-machi
hikari-10,hikari-08,74.15,Ko-TenHigashi-machi,Hon-MiyaWa-machi
tetsuba-07,hikari-09,72.22,Minami-MinamiAme-machi,MinamiAshi-machi
hikari-09,hikari-10,71.91,MinamiAshi-machi,Ko-TenHigashi-machi
tetsuba-05,tsukimachi-04,71.61,Ko-NamiTsuki-machi,Kurenai-HikariKura-machi
naka-07,tetsuba-08,70.64,Shiro-ShioSaka-machi,Soto-MatsuGin-machi
tetsuba-03,hikari-01,69.54,Naka-IshiSaka-machi,TaniUmi-machi
tetsuba-03,tsukimachi-04,69.4,Naka-IshiSaka-machi,Kurenai-HikariKura-machi
minami-03,naka-05,69.13,KitaHiro-machi,AkebonoMiya-machi
minato_kita-04,hikari-09,68.91,Ao-KawaYama-machi,MinamiAshi-machi
naka-09,hikari-08,67.19,Ao-KamiShiro-machi,Hon-MiyaWa-machi
minami-06,hikari-10,66.94,Kurenai-MinatoKura-machi,Ko-TenHigashi-machi
tetsuba-02,hikari-10,66.62,MinamiNaka-machi,Ko-TenHigashi-machi
tsukimachi-08,naka-05,66.5,Shimo-AkebonoNaka-machi,AkebonoMiya-machi
naka-06,hikari-04,65.63,Aki-UmiNishi-machi,Higashi-TakeTera-machi
minato_kita-03,hikari-03,65.6,Haru-MiyaHigashi-machi,Higashi-YamaNaga-machi
minato_kita-04,tsukimachi-04,65.37,Ao-KawaYama-machi,Kurenai-HikariKura-machi
tsukimachi-03,hikari-06,65.3,NamiMiya-machi,Shin-NakaSuna-machi
tetsuba-04,tetsuba-08,65.18,Ao-IshiIkari-machi,Soto-MatsuGin-machi
tsukimachi-04,hikari-10,64.48,Kurenai-HikariKura-machi,Ko-TenHigashi-machi
minami-03,hikari-08,63.8,KitaHiro-machi,Hon-MiyaWa-machi
naka-01,hikari-03,63.37,Shin-NakaMatsu-machi,Higashi-YamaNaga-machi
tsukimachi-04,hikari-08,63.0,Kurenai-HikariKura-machi,Hon-MiyaWa-machi
naka-09,hikari-09,62.9,Ao-KamiShiro-machi,MinamiAshi-machi
tenro-04,tsukimachi-04,60.36,Ko-AshiKumo-machi,Kurenai-HikariKura-machi
naka-01,hikari-06,60.28,Shin-NakaMatsu-machi,Shin-NakaSuna-machi
tetsuba-08,hikari-08,59.89,Soto-MatsuGin-machi,Hon-MiyaWa-machi
naka-06,tsukimachi-04,58.69,Aki-UmiNishi-machi,Kurenai-HikariKura-machi
hikari-10,hikari-09,58.52,Ko-TenHigashi-machi,MinamiAshi-machi
higashi-02,tetsuba-08,58.38,NishiMiya-machi,Soto-MatsuGin-machi
minami-04,hikari-02,57.97,Shin-SuzuTera-machi,Ō-KitaTani-machi
tetsuba-03,hikari-05,56.59,Naka-IshiSaka-machi,Ko-WaAkebono-machi
hikari-05,hikari-09,56.02,Ko-WaAkebono-machi,MinamiAshi-machi
naka-02,hikari-08,55.76,Shimo-SakuraHiro-machi,Hon-MiyaWa-machi
hikari-05,hikari-10,54.28,Ko-WaAkebono-machi,Ko-TenHigashi-machi
tetsuba-08,hikari-09,53.91,Soto-MatsuGin-machi,MinamiAshi-machi
hikari-08,hikari-10,53.88,Hon-MiyaWa-machi,Ko-TenHigashi-machi
higashi-01,tetsuba-03,53.13,Kita-FuruTsuki-machi,Naka-IshiSaka-machi
naka-03,naka-03,52.6,KamiSuzu-machi,KamiSuzu-machi
naka-09,hikari-10,52.18,Ao-KamiShiro-machi,Ko-TenHigashi-machi
minami-07,hikari-09,52.0,NagaIkari-machi,MinamiAshi-machi
minami-04,hikari-03,51.37,Shin-SuzuTera-machi,Higashi-YamaNaga-machi
higashi-01,naka-06,50.99,Kita-FuruTsuki-machi,Aki-UmiNishi-machi
naka-03,tetsuba-08,50.79,KamiSuzu-machi,Soto-MatsuGin-machi
tsukimachi-04,hikari-09,50.68,Kurenai-HikariKura-machi,MinamiAshi-machi
naka-02,hikari-09,50.25,Shimo-SakuraHiro-machi,MinamiAshi-machi
tetsuba-07,hikari-10,50.21,Minami-MinamiAme-machi,Ko-TenHigashi-machi
higashi-03,tetsuba-08,49.65,Yū-HikariTani-machi,Soto-MatsuGin-machi
minami-08,hikari-10,48.89,BashiHikari-machi,Ko-TenHigashi-machi
naka-10,tetsuba-08,48.43,Higashi-NamiShio-machi,Soto-MatsuGin-machi
higashi-03,higashi-01,46.91,Yū-HikariTani-machi,Kita-FuruTsuki-machi
tsukimachi-08,hikari-06,46.61,Shimo-AkebonoNaka-machi,Shin-NakaSuna-machi
tsukimachi-08,hikari-05,46.5,Shimo-AkebonoNaka-machi,Ko-WaAkebono-machi
minato_kita-03,hikari-01,45.94,Haru-MiyaHigashi-machi,TaniUmi-machi
nishi-04,hikari-03,44.84,Shimo-TakeKawa-machi,Higashi-YamaNaga-machi
tsukimachi-08,hikari-02,44.21,Shimo-AkebonoNaka-machi,Ō-KitaTani-machi
naka-02,hikari-10,43.78,Shimo-SakuraHiro-machi,Ko-TenHigashi-machi
tsukimachi-03,tsukimachi-03,42.66,NamiMiya-machi,NamiMiya-machi
minami-01,hikari-10,42.43,Midori-IshiShiro-machi,Ko-TenHigashi-machi
hikari-01,hikari-10,41.55,TaniUmi-machi,Ko-TenHigashi-machi
minato_kita-03,hikari-04,41.29,Haru-MiyaHigashi-machi,Higashi-TakeTera-machi
minami-09,hikari-09,40.76,Kurenai-IkariKi-machi,MinamiAshi-machi
tenro-04,naka-05,40.74,Ko-AshiKumo-machi,AkebonoMiya-machi
minami-05,hikari-10,40.52,Yū-BashiAka-machi,Ko-TenHigashi-machi
hikari-01,hikari-09,40.32,TaniUmi-machi,MinamiAshi-machi
tetsuba-03,hikari-04,40.32,Naka-IshiSaka-machi,Higashi-TakeTera-machi
naka-01,hikari-02,39.73,Shin-NakaMatsu-machi,Ō-KitaTani-machi
naka-10,tsukimachi-03,39.64,Higashi-NamiShio-machi,NamiMiya-machi
higashi-03,minami-07,39.61,Yū-HikariTani-machi,NagaIkari-machi
minato_kita-03,hikari-05,39.07,Haru-MiyaHigashi-machi,Ko-WaAkebono-machi
minami-07,tsukimachi-04,38.67,NagaIkari-machi,Kurenai-HikariKura-machi
nishi-04,hikari-01,38.32,Shimo-TakeKawa-machi,TaniUmi-machi
hikari-04,hikari-09,37.47,Higashi-TakeTera-machi,MinamiAshi-machi
tetsuba-08,tetsuba-08,37.42,Soto-MatsuGin-machi,Soto-MatsuGin-machi
nishi-06,hikari-08,37.27,Haru-KitaBashi-machi,Hon-MiyaWa-machi
naka-10,naka-10,36.33,Higashi-NamiShio-machi,Higashi-NamiShio-machi
tsukimachi-08,hikari-04,35.3,Shimo-AkebonoNaka-machi,Higashi-TakeTera-machi
tenro-04,hikari-06,35.24,Ko-AshiKumo-machi,Shin-NakaSuna-machi
naka-01,naka-05,34.14,Shin-NakaMatsu-machi,AkebonoMiya-machi
naka-10,naka-06,34.05,Higashi-NamiShio-machi,Aki-UmiNishi-machi
tenro-04,hikari-01,33.94,Ko-AshiKumo-machi,TaniUmi-machi
nishi-06,hikari-10,33.4,Haru-KitaBashi-machi,Ko-TenHigashi-machi
hikari-04,hikari-10,33.3,Higashi-TakeTera-machi,Ko-TenHigashi-machi
rural_south-04,hikari-08,33.3,Shiro-AoKita-machi,Hon-MiyaWa-machi
tetsuba-05,hikari-10,32.65,Ko-NamiTsuki-machi,Ko-TenHigashi-machi
tetsuba-06,hikari-07,32.64,Hon-TeraKita-machi,Shin-TsukiNami-machi
minami-04,hikari-01,32.64,Shin-SuzuTera-machi,TaniUmi-machi
nishi-01,tsukimachi-03,32.5,AmeNami-machi,NamiMiya-machi
minato_kita-04,hikari-10,31.74,Ao-KawaYama-machi,Ko-TenHigashi-machi
naka-07,naka-06,31.49,Shiro-ShioSaka-machi,Aki-UmiNishi-machi
nishi-04,tsukimachi-04,30.66,Shimo-TakeKawa-machi,Kurenai-HikariKura-machi
naka-04,hikari-08,30.47,Ko-MinatoAka-machi,Hon-MiyaWa-machi
naka-01,hikari-01,30.02,Shin-NakaMatsu-machi,TaniUmi-machi
minami-09,tsukimachi-04,29.6,Kurenai-IkariKi-machi,Kurenai-HikariKura-machi
minato_kita-03,naka-05,29.49,Haru-MiyaHigashi-machi,AkebonoMiya-machi
tetsuba-08,hikari-10,29.45,Soto-MatsuGin-machi,Ko-TenHigashi-machi
naka-07,tetsuba-03,29.25,Shiro-ShioSaka-machi,Naka-IshiSaka-machi
kamikura-04,hikari-07,28.97,Hon-MinatoKita-machi,Shin-TsukiNami-machi
minami-03,hikari-09,28.89,KitaHiro-machi,MinamiAshi-machi
minami-04,hikari-05,28.37,Shin-SuzuTera-machi,Ko-WaAkebono-machi
minami-04,hikari-04,28.06,Shin-SuzuTera-machi,Higashi-TakeTera-machi
naka-04,hikari-10,28.01,Ko-MinatoAka-machi,Ko-TenHigashi-machi
naka-04,hikari-09,27.93,Ko-MinatoAka-machi,MinamiAshi-machi
naka-07,naka-03,27.56,Shiro-ShioSaka-machi,KamiSuzu-machi
naka-06,hikari-08,27.0,Aki-UmiNishi-machi,Hon-MiyaWa-machi
tenro-04,hikari-02,26.96,Ko-AshiKumo-machi,Ō-KitaTani-machi
naka-01,hikari-05,26.35,Shin-NakaMatsu-machi,Ko-WaAkebono-machi
nishi-03,hikari-08,26.34,Ō-TsukiUmi-machi,Hon-MiyaWa-machi
tsukimachi-04,tsukimachi-03,26.26,Kurenai-HikariKura-machi,NamiMiya-machi
minato_kita-03,hikari-08,26.23,Haru-MiyaHigashi-machi,Hon-MiyaWa-machi
nishi-06,hikari-09,25.74,Haru-KitaBashi-machi,MinamiAshi-machi
nishi-04,hikari-07,25.7,Shimo-TakeKawa-machi,Shin-TsukiNami-machi
higashi-01,minami-05,25.31,Kita-FuruTsuki-machi,Yū-BashiAka-machi
naka-08,naka-06,25.29,Yū-HigashiAo-machi,Aki-UmiNishi-machi
tetsuba-03,hikari-08,25.18,Naka-IshiSaka-machi,Hon-MiyaWa-machi
tsukimachi-01,hikari-08,25.11,Shimo-HaraHikari-machi,Hon-MiyaWa-machi
minami-04,naka-05,24.56,Shin-SuzuTera-machi,AkebonoMiya-machi
naka-06,hikari-10,24.56,Aki-UmiNishi-machi,Ko-TenHigashi-machi
tenro-04,hikari-05,24.31,Ko-AshiKumo-machi,Ko-WaAkebono-machi
tsukimachi-01,hikari-10,24.09,Shimo-HaraHikari-machi,Ko-TenHigashi-machi
tsukimachi-01,tsukimachi-03,24.08,Shimo-HaraHikari-machi,NamiMiya-machi
nishi-03,hikari-10,23.87,Ō-TsukiUmi-machi,Ko-TenHigashi-machi
naka-08,tetsuba-08,23.49,Yū-HigashiAo-machi,Soto-MatsuGin-machi
tetsuba-03,hikari-09,23.22,Naka-IshiSaka-machi,MinamiAshi-machi
minami-04,hikari-08,23.22,Shin-SuzuTera-machi,Hon-MiyaWa-machi
naka-03,naka-06,23.11,KamiSuzu-machi,Aki-UmiNishi-machi
naka-06,hikari-09,23.01,Aki-UmiNishi-machi,MinamiAshi-machi
naka-10,tetsuba-03,22.45,Higashi-NamiShio-machi,Naka-IshiSaka-machi
naka-09,tetsuba-08,21.71,Ao-KamiShiro-machi,Soto-MatsuGin-machi
naka-10,naka-03,21.33,Higashi-NamiShio-machi,KamiSuzu-machi
kamikura-04,hikari-03,21.29,Hon-MinatoKita-machi,Higashi-YamaNaga-machi
higashi-02,tetsuba-03,20.84,NishiMiya-machi,Naka-IshiSaka-machi
minami-03,tsukimachi-04,20.74,KitaHiro-machi,Kurenai-HikariKura-machi
tetsuba-04,tetsuba-03,20.45,Ao-IshiIkari-machi,Naka-IshiSaka-machi
minami-06,tetsuba-08,20.36,Kurenai-MinatoKura-machi,Soto-MatsuGin-machi
tetsuba-06,hikari-06,20.15,Hon-TeraKita-machi,Shin-NakaSuna-machi
tsukimachi-02,tsukimachi-03,20.07,Higashi-KiKumo-machi,NamiMiya-machi
naka-01,hikari-04,19.95,Shin-NakaMatsu-machi,Higashi-TakeTera-machi
minami-07,hikari-10,18.51,NagaIkari-machi,Ko-TenHigashi-machi
tsukimachi-01,hikari-09,18.48,Shimo-HaraHikari-machi,MinamiAshi-machi
nishi-03,hikari-09,18.39,Ō-TsukiUmi-machi,MinamiAshi-machi
nishi-04,hikari-04,18.15,Shimo-TakeKawa-machi,Higashi-TakeTera-machi
higashi-02,minami-07,18.09,NishiMiya-machi,NagaIkari-machi
tetsuba-04,naka-03,17.9,Ao-IshiIkari-machi,KamiSuzu-machi
tenro-05,hikari-07,17.65,Naka-ShiroIshi-machi,Shin-TsukiNami-machi
tetsuba-06,hikari-03,17.58,Hon-TeraKita-machi,Higashi-YamaNaga-machi
kamikura-04,hikari-06,17.5,Hon-MinatoKita-machi,Shin-NakaSuna-machi
tenro-04,hikari-04,17.32,Ko-AshiKumo-machi,Higashi-TakeTera-machi
tsukimachi-05,hikari-08,17.24,Ō-KumoHikari-machi,Hon-MiyaWa-machi
naka-07,tsukimachi-03,16.96,Shiro-ShioSaka-machi,NamiMiya-machi
naka-08,tsukimachi-03,16.89,Yū-HigashiAo-machi,NamiMiya-machi
tenro-05,hikari-03,16.89,Naka-ShiroIshi-machi,Higashi-YamaNaga-machi
nishi-04,hikari-05,16.82,Shimo-TakeKawa-machi,Ko-WaAkebono-machi
higashi-03,naka-03,16.63,Yū-HikariTani-machi,KamiSuzu-machi
minami-01,minami-07,16.6,Midori-IshiShiro-machi,NagaIkari-machi
higashi-01,tsukimachi-03,16.41,Kita-FuruTsuki-machi,NamiMiya-machi
higashi-02,naka-03,16.04,NishiMiya-machi,KamiSuzu-machi
tetsuba-02,tetsuba-08,15.79,MinamiNaka-machi,Soto-MatsuGin-machi
higashi-03,tetsuba-03,15.71,Yū-HikariTani-machi,Naka-IshiSaka-machi
tsukimachi-02,hikari-10,15.33,Higashi-KiKumo-machi,Ko-TenHigashi-machi
rural_south-04,hikari-09,15.32,Shiro-AoKita-machi,MinamiAshi-machi
tetsuba-03,hikari-10,15.07,Naka-IshiSaka-machi,Ko-TenHigashi-machi
minami-09,hikari-10,15.02,Kurenai-IkariKi-machi,Ko-TenHigashi-machi
tsukimachi-07,hikari-08,14.99,Soto-TenTsuki-machi,Hon-MiyaWa-machi
tsukimachi-02,hikari-08,14.96,Higashi-KiKumo-machi,Hon-MiyaWa-machi
nishi-01,hikari-08,14.75,AmeNami-machi,Hon-MiyaWa-machi
rural_south-04,hikari-10,14.36,Shiro-AoKita-machi,Ko-TenHigashi-machi
minami-07,minami-07,14.27,NagaIkari-machi,NagaIkari-machi
minami-01,tetsuba-08,14.23,Midori-IshiShiro-machi,Soto-MatsuGin-machi
nishi-04,naka-05,14.17,Shimo-TakeKawa-machi,AkebonoMiya-machi
minami-06,minami-07,14.07,Kurenai-MinatoKura-machi,NagaIkari-machi
naka-03,tetsuba-03,14.03,KamiSuzu-machi,Naka-IshiSaka-machi
minami-02,hikari-06,13.96,Kurenai-KitaMiya-machi,Shin-NakaSuna-machi
tsukimachi-07,tsukimachi-03,13.91,Soto-TenTsuki-machi,NamiMiya-machi
nishi-04,hikari-02,13.79,Shimo-TakeKawa-machi,Ō-KitaTani-machi
hikari-07,naka-06,13.78,Shin-TsukiNami-machi,Aki-UmiNishi-machi
minami-02,hikari-07,13.65,Kurenai-KitaMiya-machi,Shin-TsukiNami-machi
minato_kita-01,hikari-06,13.54,Ō-YamaSaka-machi,Shin-NakaSuna-machi
hikari-09,tetsuba-08,13.43,MinamiAshi-machi,Soto-MatsuGin-machi
naka-08,naka-03,13.35,Yū-HigashiAo-machi,KamiSuzu-machi
naka-09,tetsuba-03,12.84,Ao-KamiShiro-machi,Naka-IshiSaka-machi
tetsuba-06,hikari-02,12.74,Hon-TeraKita-machi,Ō-KitaTani-machi
minami-08,tetsuba-08,12.74,BashiHikari-machi,Soto-MatsuGin-machi
hikari-07,tetsuba-08,12.73,Shin-TsukiNami-machi,Soto-MatsuGin-machi
minato_kita-01,hikari-07,12.58,Ō-YamaSaka-machi,Shin-TsukiNami-machi
tsukimachi-05,hikari-10,12.27,Ō-KumoHikari-machi,Ko-TenHigashi-machi
tsukimachi-02,hikari-09,12.17,Higashi-KiKumo-machi,MinamiAshi-machi
naka-05,naka-06,12.17,AkebonoMiya-machi,Aki-UmiNishi-machi
kamikura-04,naka-05,12.12,Hon-MinatoKita-machi,AkebonoMiya-machi
nishi-01,hikari-10,12.1,AmeNami-machi,Ko-TenHigashi-machi
tsukimachi-07,hikari-10,12.06,Soto-TenTsuki-machi,Ko-TenHigashi-machi
naka-01,hikari-08,11.8,Shin-NakaMatsu-machi,Hon-MiyaWa-machi
minami-08,minami-07,11.66,BashiHikari-machi,NagaIkari-machi
hikari-03,tsukimachi-03,11.53,Higashi-YamaNaga-machi,NamiMiya-machi
tetsuba-03,tetsuba-03,11.34,Naka-IshiSaka-machi,Naka-IshiSaka-machi
tetsuba-04,naka-06,11.29,Ao-IshiIkari-machi,Aki-UmiNishi-machi
nishi-04,hikari-06,11.01,Shimo-TakeKawa-machi,Shin-NakaSuna-machi
naka-07,naka-10,10.87,Shiro-ShioSaka-machi,Higashi-NamiShio-machi
tetsuba-03,tetsuba-08,10.78,Naka-IshiSaka-machi,Soto-MatsuGin-machi
minami-06,naka-03,10.78,Kurenai-MinatoKura-machi,KamiSuzu-machi
tenro-05,tsukimachi-04,10.68,Naka-ShiroIshi-machi,Kurenai-HikariKura-machi
kamikura-04,hikari-02,10.68,Hon-MinatoKita-machi,Ō-KitaTani-machi
tetsuba-05,tetsuba-08,10.67,Ko-NamiTsuki-machi,Soto-MatsuGin-machi
hikari-06,tetsuba-08,10.66,Shin-NakaSuna-machi,Soto-MatsuGin-machi
higashi-03,naka-06,10.41,Yū-HikariTani-machi,Aki-UmiNishi-machi
tsukimachi-05,hikari-09,10.38,Ō-KumoHikari-machi,MinamiAshi-machi
higashi-08,hikari-06,10.35,Naka-TsukiShiro-machi,Shin-NakaSuna-machi
minami-03,hikari-10,10.34,KitaHiro-machi,Ko-TenHigashi-machi
naka-01,tsukimachi-04,10.31,Shin-NakaMatsu-machi,Kurenai-HikariKura-machi
higashi-02,naka-06,10.02,NishiMiya-machi,Aki-UmiNishi-machi
higashi-08,hikari-07,9.82,Naka-TsukiShiro-machi,Shin-TsukiNami-machi
naka-05,tetsuba-08,9.72,AkebonoMiya-machi,Soto-MatsuGin-machi
hikari-09,naka-03,9.66,MinamiAshi-machi,KamiSuzu-machi
hikari-03,naka-06,9.65,Higashi-YamaNaga-machi,Aki-UmiNishi-machi
tsukimachi-07,hikari-09,9.63,Soto-TenTsuki-machi,MinamiAshi-machi
tetsuba-02,naka-03,9.59,MinamiNaka-machi,KamiSuzu-machi
nishi-01,hikari-09,9.53,AmeNami-machi,MinamiAshi-machi
minato_kita-03,hikari-09,9.41,Haru-MiyaHigashi-machi,MinamiAshi-machi
naka-01,hikari-09,9.36,Shin-NakaMatsu-machi,MinamiAshi-machi
tetsuba-04,minami-07,9.31,Ao-IshiIkari-machi,NagaIkari-machi
higashi-01,minato_kita-04,9.3,Kita-FuruTsuki-machi,Ao-KawaYama-machi
hikari-07,naka-03,9.26,Shin-TsukiNami-machi,KamiSuzu-machi
hikari-06,naka-06,9.25,Shin-NakaSuna-machi,Aki-UmiNishi-machi
minami-04,hikari-09,9.16,Shin-SuzuTera-machi,MinamiAshi-machi
higashi-02,higashi-01,9.13,NishiMiya-machi,Kita-FuruTsuki-machi
minami-05,tetsuba-08,9.11,Yū-BashiAka-machi,Soto-MatsuGin-machi
tenro-05,naka-05,9.02,Naka-ShiroIshi-machi,AkebonoMiya-machi
tetsuba-06,naka-05,9.01,Hon-TeraKita-machi,AkebonoMiya-machi
tenro-05,hikari-06,9.0,Naka-ShiroIshi-machi,Shin-NakaSuna-machi
tetsuba-06,hikari-01,8.93,Hon-TeraKita-machi,TaniUmi-machi
kamikura-04,hikari-01,8.88,Hon-MinatoKita-machi,TaniUmi-machi
hikari-08,tetsuba-08,8.82,Hon-MiyaWa-machi,Soto-MatsuGin-machi
hikari-01,tsukimachi-03,8.81,TaniUmi-machi,NamiMiya-machi
naka-08,tetsuba-03,8.76,Yū-HigashiAo-machi,Naka-IshiSaka-machi
tetsuba-07,tetsuba-08,8.67,Minami-MinamiAme-machi,Soto-MatsuGin-machi
tsukimachi-03,hikari-08,8.62,NamiMiya-machi,Hon-MiyaWa-machi
higashi-01,naka-10,8.59,Kita-FuruTsuki-machi,Higashi-NamiShio-machi
hikari-09,naka-06,8.47,MinamiAshi-machi,Aki-UmiNishi-machi
tsukimachi-04,tetsuba-08,8.32,Kurenai-HikariKura-machi,Soto-MatsuGin-machi
tsukimachi-03,hikari-10,8.24,NamiMiya-machi,Ko-TenHigashi-machi
naka-05,tsukimachi-03,8.12,AkebonoMiya-machi,NamiMiya-machi
naka-04,tetsuba-08,8.09,Ko-MinatoAka-machi,Soto-MatsuGin-machi
minato_kita-03,tsukimachi-04,7.98,Haru-MiyaHigashi-machi,Kurenai-HikariKura-machi
kamikura-04,tsukimachi-04,7.94,Hon-MinatoKita-machi,Kurenai-HikariKura-machi
tetsuba-06,hikari-05,7.92,Hon-TeraKita-machi,Ko-WaAkebono-machi
hikari-07,tsukimachi-03,7.9,Shin-TsukiNami-machi,NamiMiya-machi
tsukimachi-08,hikari-10,7.87,Shimo-AkebonoNaka-machi,Ko-TenHigashi-machi
minami-06,naka-06,7.81,Kurenai-MinatoKura-machi,Aki-UmiNishi-machi
tsukimachi-08,hikari-08,7.77,Shimo-AkebonoNaka-machi,Hon-MiyaWa-machi
hikari-06,naka-03,7.74,Shin-NakaSuna-machi,KamiSuzu-machi
minami-07,tetsuba-08,7.74,NagaIkari-machi,Soto-MatsuGin-machi
hikari-03,tetsuba-08,7.7,Higashi-YamaNaga-machi,Soto-MatsuGin-machi
tetsuba-02,naka-06,7.59,MinamiNaka-machi,Aki-UmiNishi-machi
tsukimachi-04,naka-06,7.55,Kurenai-HikariKura-machi,Aki-UmiNishi-machi
naka-03,tsukimachi-03,7.53,KamiSuzu-machi,NamiMiya-machi
kamikura-04,hikari-05,7.47,Hon-MinatoKita-machi,Ko-WaAkebono-machi
hikari-02,naka-06,7.38,Ō-KitaTani-machi,Aki-UmiNishi-machi
minami-02,hikari-02,7.36,Kurenai-KitaMiya-machi,Ō-KitaTani-machi
hikari-10,naka-06,7.35,Ko-TenHigashi-machi,Aki-UmiNishi-machi
tenro-04,hikari-08,7.3,Ko-AshiKumo-machi,Hon-MiyaWa-machi
naka-09,naka-06,7.23,Ao-KamiShiro-machi,Aki-UmiNishi-machi
minato_kita-01,hikari-02,7.23,Ō-YamaSaka-machi,Ō-KitaTani-machi
naka-08,naka-10,7.08,Yū-HigashiAo-machi,Higashi-NamiShio-machi
minami-08,naka-03,7.06,BashiHikari-machi,KamiSuzu-machi
minami-01,higashi-01,7.05,Midori-IshiShiro-machi,Kita-FuruTsuki-machi
naka-02,tetsuba-08,7.04,Shimo-SakuraHiro-machi,Soto-MatsuGin-machi
minami-01,naka-03,6.98,Midori-IshiShiro-machi,KamiSuzu-machi
hikari-02,tetsuba-08,6.95,Ō-KitaTani-machi,Soto-MatsuGin-machi
tenro-05,hikari-01,6.94,Naka-ShiroIshi-machi,TaniUmi-machi
minami-04,tsukimachi-04,6.89,Shin-SuzuTera-machi,Kurenai-HikariKura-machi
tenro-04,hikari-09,6.84,Ko-AshiKumo-machi,MinamiAshi-machi
higashi-01,naka-01,6.8,Kita-FuruTsuki-machi,Shin-NakaMatsu-machi
tetsuba-08,tetsuba-03,6.79,Soto-MatsuGin-machi,Naka-IshiSaka-machi
minami-02,hikari-03,6.77,Kurenai-KitaMiya-machi,Higashi-YamaNaga-machi
tsukimachi-08,hikari-09,6.76,Shimo-AkebonoNaka-machi,MinamiAshi-machi
tetsuba-07,naka-06,6.6,Minami-MinamiAme-machi,Aki-UmiNishi-machi
rural_south-04,tsukimachi-03,6.57,Shiro-AoKita-machi,NamiMiya-machi
naka-09,naka-03,6.55,Ao-KamiShiro-machi,KamiSuzu-machi
hikari-05,tsukimachi-03,6.53,Ko-WaAkebono-machi,NamiMiya-machi
naka-05,naka-03,6.46,AkebonoMiya-machi,KamiSuzu-machi
tenro-05,hikari-02,6.33,Naka-ShiroIshi-machi,Ō-KitaTani-machi
tsukimachi-03,hikari-09,6.32,NamiMiya-machi,MinamiAshi-machi
tetsuba-02,minami-07,6.31,MinamiNaka-machi,NagaIkari-machi
minami-05,minami-07,6.31,Yū-BashiAka-machi,NagaIkari-machi
naka-04,tsukimachi-03,6.26,Ko-MinatoAka-machi,NamiMiya-machi
tetsuba-05,naka-03,6.24,Ko-NamiTsuki-machi,KamiSuzu-machi
tetsuba-06,hikari-04,6.22,Hon-TeraKita-machi,Higashi-TakeTera-machi
minato_kita-01,hikari-03,6.18,Ō-YamaSaka-machi,Higashi-YamaNaga-machi
hikari-08,naka-03,6.14,Hon-MiyaWa-machi,KamiSuzu-machi
naka-02,naka-06,6.09,Shimo-SakuraHiro-machi,Aki-UmiNishi-machi
hikari-02,tsukimachi-03,6.08,Ō-KitaTani-machi,NamiMiya-machi
hikari-10,tetsuba-08,5.97,Ko-TenHigashi-machi,Soto-MatsuGin-machi
tetsuba-07,naka-03,5.89,Minami-MinamiAme-machi,KamiSuzu-machi
hikari-08,naka-06,5.88,Hon-MiyaWa-machi,Aki-UmiNishi-machi
naka-09,tsukimachi-03,5.84,Ao-KamiShiro-machi,NamiMiya-machi
tenro-04,hikari-10,5.77,Ko-AshiKumo-machi,Ko-TenHigashi-machi
tetsuba-08,naka-03,5.68,Soto-MatsuGin-machi,KamiSuzu-machi
rural_north-07,hikari-07,5.68,Ō-MiyaSuzu-machi,Shin-TsukiNami-machi
higashi-08,hikari-02,5.58,Naka-TsukiShiro-machi,Ō-KitaTani-machi
minami-08,naka-06,5.5,BashiHikari-machi,Aki-UmiNishi-machi
hikari-04,tsukimachi-03,5.49,Higashi-TakeTera-machi,NamiMiya-machi
kamikura-04,hikari-04,5.44,Hon-MinatoKita-machi,Higashi-TakeTera-machi
minami-05,naka-03,5.43,Yū-BashiAka-machi,KamiSuzu-machi
tenro-05,hikari-05,5.27,Naka-ShiroIshi-machi,Ko-WaAkebono-machi
hikari-05,naka-06,5.24,Ko-WaAkebono-machi,Aki-UmiNishi-machi
minami-06,tetsuba-03,5.24,Kurenai-MinatoKura-machi,Naka-IshiSaka-machi
naka-01,hikari-10,5.22,Shin-NakaMatsu-machi,Ko-TenHigashi-machi
tsukimachi-05,tsukimachi-03,5.21,Ō-KumoHikari-machi,NamiMiya-machi
minami-08,higashi-01,5.17,BashiHikari-machi,Kita-FuruTsuki-machi
hikari-03,naka-03,5.16,Higashi-YamaNaga-machi,KamiSuzu-machi
hikari-02,naka-03,5.09,Ō-KitaTani-machi,KamiSuzu-machi
minami-05,minami-05,5.08,Yū-BashiAka-machi,Yū-BashiAka-machi
nishi-04,tsukimachi-03,5.03,Shimo-TakeKawa-machi,NamiMiya-machi
