id,kind,x,y,district,machi,jobs,capacity,floors,footprint_m2
poi00000,convenience,-6522.3,2783.0,nishi,nishi-03,7,0,1,180.0
poi00001,convenience,-6522.3,2783.0,nishi,nishi-03,7,0,1,180.0
poi00002,shop_street,-5757.9,2513.5,nishi,nishi-03,21,0,1,900.0
poi00003,school_junior_high,-6083.1,2742.4,nishi,nishi-03,44,620,3,5200.0
poi00004,clinic,-6180.2,2690.3,nishi,nishi-03,9,0,2,420.0
poi00005,clinic,-5827.1,2032.1,nishi,nishi-03,9,0,2,420.0
poi00006,shrine,-6362.0,2161.7,nishi,nishi-03,2,0,1,700.0
poi00007,park,-5722.7,2336.4,nishi,nishi-03,2,0,0,4800.0
poi00008,shop_street,-4627.5,2885.0,tsukimachi,tsukimachi-03,6,0,1,900.0
poi00009,bank,-4627.5,2885.0,tsukimachi,tsukimachi-03,14,0,3,900.0
poi00010,police_box,-4992.1,2844.8,tsukimachi,tsukimachi-03,6,0,1,140.0
poi00011,petrol,-4992.1,2844.8,tsukimachi,tsukimachi-03,5,0,1,1100.0
poi00012,convenience,-3769.1,2949.8,tsukimachi,tsukimachi-01,7,0,1,180.0
poi00013,convenience,-3769.1,2949.8,tsukimachi,tsukimachi-01,7,0,1,180.0
poi00014,shop_street,-2936.0,2880.0,tsukimachi,tsukimachi-01,17,0,1,900.0
poi00015,school_junior_high,-3224.2,2835.1,tsukimachi,tsukimachi-01,44,620,3,5200.0
poi00016,clinic,-3614.6,3300.2,tsukimachi,tsukimachi-01,9,0,2,420.0
poi00017,shrine,-3139.1,2892.9,tsukimachi,tsukimachi-01,2,0,1,700.0
poi00018,park,-3970.1,2760.9,tsukimachi,tsukimachi-01,2,0,0,4800.0
poi00019,convenience,-3033.6,3911.0,tsukimachi,tsukimachi-04,7,0,1,180.0
poi00020,convenience,-3033.6,3911.0,tsukimachi,tsukimachi-04,7,0,1,180.0
poi00021,convenience,-3033.6,3911.0,tsukimachi,tsukimachi-04,7,0,1,180.0
poi00022,convenience,-3033.6,3911.0,tsukimachi,tsukimachi-04,7,0,1,180.0
poi00023,convenience,-3033.6,3911.0,tsukimachi,tsukimachi-04,7,0,1,180.0
poi00024,shop_street,-2047.9,4072.1,tsukimachi,tsukimachi-04,40,0,1,900.0
poi00025,school_primary,-2708.1,3763.8,tsukimachi,tsukimachi-04,28,520,3,3400.0
poi00026,school_junior_high,-1934.3,3762.2,tsukimachi,tsukimachi-04,44,620,3,5200.0
poi00027,clinic,-1887.8,4160.0,tsukimachi,tsukimachi-04,9,0,2,420.0
poi00028,clinic,-1984.4,3653.9,tsukimachi,tsukimachi-04,9,0,2,420.0
poi00029,clinic,-2746.6,3701.8,tsukimachi,tsukimachi-04,9,0,2,420.0
poi00030,shrine,-2162.4,4335.0,tsukimachi,tsukimachi-04,2,0,1,700.0
poi00031,bank,-1913.2,4013.2,tsukimachi,tsukimachi-04,14,0,3,900.0
poi00032,post_office,-1913.2,4013.2,tsukimachi,tsukimachi-04,11,0,2,650.0
poi00033,petrol,-3033.6,3911.0,tsukimachi,tsukimachi-04,5,0,1,1100.0
poi00034,parking,-3033.6,3911.0,tsukimachi,tsukimachi-04,6,0,5,2600.0
poi00035,convenience,-645.7,2273.8,naka,naka-05,7,0,1,180.0
poi00036,convenience,-645.7,2273.8,naka,naka-05,7,0,1,180.0
poi00037,convenience,-645.7,2273.8,naka,naka-05,7,0,1,180.0
poi00038,convenience,-645.7,2273.8,naka,naka-05,7,0,1,180.0
poi00039,convenience,-645.7,2273.8,naka,naka-05,7,0,1,180.0
poi00040,convenience,-645.7,2273.8,naka,naka-05,7,0,1,180.0
poi00041,shop_street,235.7,2258.6,naka,naka-05,55,0,1,900.0
poi00042,school_primary,-588.7,2153.5,naka,naka-05,28,520,3,3400.0
poi00043,school_junior_high,366.2,1693.7,naka,naka-05,44,620,3,5200.0
poi00044,clinic,759.5,1881.1,naka,naka-05,9,0,2,420.0
poi00045,clinic,1212.1,2185.2,naka,naka-05,9,0,2,420.0
poi00046,clinic,984.2,1868.8,naka,naka-05,9,0,2,420.0
poi00047,shrine,773.3,1798.0,naka,naka-05,2,0,1,700.0
poi00048,post_office,-280.3,2166.2,naka,naka-05,11,0,2,650.0
poi00049,petrol,-645.7,2273.8,naka,naka-05,5,0,1,1100.0
poi00050,convenience,162.0,1476.7,hikari,hikari-07,7,0,1,180.0
poi00051,convenience,162.0,1476.7,hikari,hikari-07,7,0,1,180.0
poi00052,convenience,162.0,1476.7,hikari,hikari-07,7,0,1,180.0
poi00053,convenience,162.0,1476.7,hikari,hikari-07,7,0,1,180.0
poi00054,convenience,162.0,1476.7,hikari,hikari-07,7,0,1,180.0
poi00055,convenience,162.0,1476.7,hikari,hikari-07,7,0,1,180.0
poi00056,convenience,162.0,1476.7,hikari,hikari-07,7,0,1,180.0
poi00057,convenience,162.0,1476.7,hikari,hikari-07,7,0,1,180.0
poi00058,convenience,162.0,1476.7,hikari,hikari-07,7,0,1,180.0
poi00059,convenience,162.0,1476.7,hikari,hikari-07,7,0,1,180.0
poi00060,convenience,162.0,1476.7,hikari,hikari-07,7,0,1,180.0
poi00061,convenience,162.0,1476.7,hikari,hikari-07,7,0,1,180.0
poi00062,convenience,162.0,1476.7,hikari,hikari-07,7,0,1,180.0
poi00063,shop_street,1179.6,715.1,hikari,hikari-07,107,0,1,900.0
poi00064,school_primary,1153.3,1086.8,hikari,hikari-07,28,520,3,3400.0
poi00065,school_primary,707.4,1330.5,hikari,hikari-07,28,520,3,3400.0
poi00066,school_junior_high,1402.3,1137.3,hikari,hikari-07,44,620,3,5200.0
poi00067,clinic,288.0,1438.9,hikari,hikari-07,9,0,2,420.0
poi00068,clinic,1008.3,756.8,hikari,hikari-07,9,0,2,420.0
poi00069,clinic,139.8,810.8,hikari,hikari-07,9,0,2,420.0
poi00070,clinic,19.7,1687.2,hikari,hikari-07,9,0,2,420.0
poi00071,clinic,703.0,850.7,hikari,hikari-07,9,0,2,420.0
poi00072,clinic,931.3,1316.8,hikari,hikari-07,9,0,2,420.0
poi00073,clinic,903.7,835.1,hikari,hikari-07,9,0,2,420.0
poi00074,shrine,1251.9,1109.4,hikari,hikari-07,2,0,1,700.0
poi00075,bank,951.9,1416.4,hikari,hikari-07,14,0,3,900.0
poi00076,police_box,162.0,1476.7,hikari,hikari-07,6,0,1,140.0
poi00077,petrol,162.0,1476.7,hikari,hikari-07,5,0,1,1100.0
poi00078,parking,162.0,1476.7,hikari,hikari-07,6,0,5,2600.0
poi00079,convenience,1650.5,1473.9,tetsuba,tetsuba-02,7,0,1,180.0
poi00080,convenience,1650.5,1473.9,tetsuba,tetsuba-02,7,0,1,180.0
poi00081,convenience,1650.5,1473.9,tetsuba,tetsuba-02,7,0,1,180.0
poi00082,convenience,1650.5,1473.9,tetsuba,tetsuba-02,7,0,1,180.0
poi00083,shop_street,2985.0,1724.1,tetsuba,tetsuba-02,39,0,1,900.0
poi00084,school_primary,3571.1,581.3,tetsuba,tetsuba-02,28,520,3,3400.0
poi00085,school_junior_high,3106.9,1703.7,tetsuba,tetsuba-02,44,620,3,5200.0
poi00086,clinic,3341.7,213.3,tetsuba,tetsuba-02,9,0,2,420.0
poi00087,clinic,3587.7,504.6,tetsuba,tetsuba-02,9,0,2,420.0
poi00088,shrine,3285.8,712.7,tetsuba,tetsuba-02,2,0,1,700.0
poi00089,park,1498.5,1369.1,tetsuba,tetsuba-02,2,0,0,4800.0
poi00090,convenience,2554.7,555.3,hikari,hikari-06,7,0,1,180.0
poi00091,convenience,2554.7,555.3,hikari,hikari-06,7,0,1,180.0
poi00092,convenience,2554.7,555.3,hikari,hikari-06,7,0,1,180.0
poi00093,convenience,2554.7,555.3,hikari,hikari-06,7,0,1,180.0
poi00094,convenience,2554.7,555.3,hikari,hikari-06,7,0,1,180.0
poi00095,convenience,2554.7,555.3,hikari,hikari-06,7,0,1,180.0
poi00096,convenience,2554.7,555.3,hikari,hikari-06,7,0,1,180.0
poi00097,convenience,2554.7,555.3,hikari,hikari-06,7,0,1,180.0
poi00098,convenience,2554.7,555.3,hikari,hikari-06,7,0,1,180.0
poi00099,convenience,2554.7,555.3,hikari,hikari-06,7,0,1,180.0
poi00100,convenience,2554.7,555.3,hikari,hikari-06,7,0,1,180.0
poi00101,shop_street,1948.5,130.1,hikari,hikari-06,88,0,1,900.0
poi00102,school_primary,1448.0,436.9,hikari,hikari-06,28,520,3,3400.0
poi00103,school_primary,1913.6,797.7,hikari,hikari-06,28,520,3,3400.0
poi00104,school_junior_high,1517.2,461.8,hikari,hikari-06,44,620,3,5200.0
poi00105,clinic,1340.6,1028.7,hikari,hikari-06,9,0,2,420.0
poi00106,clinic,1498.5,348.5,hikari,hikari-06,9,0,2,420.0
poi00107,clinic,2002.2,-29.4,hikari,hikari-06,9,0,2,420.0
poi00108,clinic,1984.8,55.2,hikari,hikari-06,9,0,2,420.0
poi00109,clinic,1296.9,-61.2,hikari,hikari-06,9,0,2,420.0
poi00110,clinic,1874.5,-152.0,hikari,hikari-06,9,0,2,420.0
poi00111,shrine,2190.0,51.7,hikari,hikari-06,2,0,1,700.0
poi00112,bank,1325.9,-205.3,hikari,hikari-06,14,0,3,900.0
poi00113,petrol,2554.7,555.3,hikari,hikari-06,5,0,1,1100.0
poi00114,bank,1421.9,2071.1,naka,naka-01,14,0,3,900.0
poi00115,post_office,1421.9,2071.1,naka,naka-01,11,0,2,650.0
poi00116,petrol,1404.9,1948.7,naka,naka-01,5,0,1,1100.0
poi00117,parking,1404.9,1948.7,naka,naka-01,6,0,5,2600.0
poi00118,convenience,2250.3,2154.6,hikari,hikari-09,7,0,1,180.0
poi00119,convenience,2250.3,2154.6,hikari,hikari-09,7,0,1,180.0
poi00120,convenience,2250.3,2154.6,hikari,hikari-09,7,0,1,180.0
poi00121,shop_street,2054.8,2324.3,hikari,hikari-09,29,0,1,900.0
poi00122,school_junior_high,1646.5,2187.6,hikari,hikari-09,44,620,3,5200.0
poi00123,clinic,2117.1,2111.5,hikari,hikari-09,9,0,2,420.0
poi00124,shrine,2063.7,2235.3,hikari,hikari-09,2,0,1,700.0
poi00125,bank,1837.1,2348.9,hikari,hikari-09,14,0,3,900.0
poi00126,post_office,1837.1,2348.9,hikari,hikari-09,11,0,2,650.0
poi00127,police_box,2250.3,2154.6,hikari,hikari-09,6,0,1,140.0
poi00128,petrol,2250.3,2154.6,hikari,hikari-09,5,0,1,1100.0
poi00129,fire_station,1395.1,1839.6,tetsuba,tetsuba-06,22,0,2,2100.0
poi00130,convenience,2361.8,1352.9,hikari,hikari-08,7,0,1,180.0
poi00131,convenience,2361.8,1352.9,hikari,hikari-08,7,0,1,180.0
poi00132,convenience,2361.8,1352.9,hikari,hikari-08,7,0,1,180.0
poi00133,convenience,2361.8,1352.9,hikari,hikari-08,7,0,1,180.0
poi00134,shop_street,2018.7,1301.1,hikari,hikari-08,33,0,1,900.0
poi00135,school_junior_high,1985.5,1178.0,hikari,hikari-08,44,620,3,5200.0
poi00136,clinic,2048.4,1068.5,hikari,hikari-08,9,0,2,420.0
poi00137,clinic,1976.3,1240.6,hikari,hikari-08,9,0,2,420.0
poi00138,shrine,2352.8,1375.3,hikari,hikari-08,2,0,1,700.0
poi00139,post_office,2426.7,1366.9,hikari,hikari-08,11,0,2,650.0
poi00140,petrol,2361.8,1352.9,hikari,hikari-08,5,0,1,1100.0
poi00141,parking,2361.8,1352.9,hikari,hikari-08,6,0,5,2600.0
poi00142,convenience,4191.8,1289.0,minami,minami-06,7,0,1,180.0
poi00143,convenience,4191.8,1289.0,minami,minami-06,7,0,1,180.0
poi00144,convenience,4191.8,1289.0,minami,minami-06,7,0,1,180.0
poi00145,convenience,4191.8,1289.0,minami,minami-06,7,0,1,180.0
poi00146,shop_street,4387.1,1608.3,minami,minami-06,39,0,1,900.0
poi00147,school_primary,4537.6,1065.0,minami,minami-06,28,520,3,3400.0
poi00148,school_junior_high,4478.2,1391.4,minami,minami-06,44,620,3,5200.0
poi00149,clinic,4388.6,1328.1,minami,minami-06,9,0,2,420.0
poi00150,clinic,4626.2,1148.5,minami,minami-06,9,0,2,420.0
poi00151,clinic,4194.9,1374.6,minami,minami-06,9,0,2,420.0
poi00152,shrine,4265.2,1161.7,minami,minami-06,2,0,1,700.0
poi00153,park,4249.1,1225.6,minami,minami-06,2,0,0,4800.0
poi00154,convenience,2564.0,494.9,minato_kita,minato_kita-04,7,0,1,180.0
poi00155,convenience,2564.0,494.9,minato_kita,minato_kita-04,7,0,1,180.0
poi00156,convenience,2564.0,494.9,minato_kita,minato_kita-04,7,0,1,180.0
poi00157,shop_street,2788.6,180.9,minato_kita,minato_kita-04,25,0,1,900.0
poi00158,school_junior_high,2767.6,11.0,minato_kita,minato_kita-04,44,620,3,5200.0
poi00159,clinic,2797.9,-150.5,minato_kita,minato_kita-04,9,0,2,420.0
poi00160,shrine,2770.4,444.8,minato_kita,minato_kita-04,2,0,1,700.0
poi00161,bank,2615.2,299.1,minato_kita,minato_kita-04,14,0,3,900.0
poi00162,post_office,2615.2,299.1,minato_kita,minato_kita-04,11,0,2,650.0
poi00163,police_box,2564.0,494.9,minato_kita,minato_kita-04,6,0,1,140.0
poi00164,park,2857.0,429.1,minato_kita,minato_kita-04,2,0,0,4800.0
poi00165,petrol,2564.0,494.9,minato_kita,minato_kita-04,5,0,1,1100.0
poi00166,fire_station,3549.5,247.2,minato_kita,minato_kita-01,22,0,2,2100.0
poi00167,fire_station,3250.6,157.0,minato_kita,minato_kita-03,22,0,2,2100.0
poi00168,convenience,3994.4,-318.6,minami,minami-05,7,0,1,180.0
poi00169,convenience,3994.4,-318.6,minami,minami-05,7,0,1,180.0
poi00170,convenience,3994.4,-318.6,minami,minami-05,7,0,1,180.0
poi00171,shop_street,4660.0,562.5,minami,minami-05,29,0,1,900.0
poi00172,school_junior_high,3944.5,-376.9,minami,minami-05,44,620,3,5200.0
poi00173,clinic,4203.7,-196.4,minami,minami-05,9,0,2,420.0
poi00174,clinic,4295.6,-310.0,minami,minami-05,9,0,2,420.0
poi00175,shrine,3860.2,-233.9,minami,minami-05,2,0,1,700.0
poi00176,bank,3774.3,-312.6,minami,minami-05,14,0,3,900.0
poi00177,police_box,3994.4,-318.6,minami,minami-05,6,0,1,140.0
poi00178,park,3954.8,-91.6,minami,minami-05,2,0,0,4800.0
poi00179,petrol,3994.4,-318.6,minami,minami-05,5,0,1,1100.0
poi00180,bank,3956.5,680.5,minami,minami-04,14,0,3,900.0
poi00181,post_office,3956.5,680.5,minami,minami-04,11,0,2,650.0
poi00182,petrol,3990.9,716.0,minami,minami-04,5,0,1,1100.0
poi00183,convenience,846.2,2310.0,hikari,hikari-10,7,0,1,180.0
poi00184,convenience,846.2,2310.0,hikari,hikari-10,7,0,1,180.0
poi00185,shop_street,217.5,2766.9,hikari,hikari-10,21,0,1,900.0
poi00186,school_junior_high,535.9,2670.3,hikari,hikari-10,44,620,3,5200.0
poi00187,clinic,586.6,2546.0,hikari,hikari-10,9,0,2,420.0
poi00188,shrine,350.4,2404.0,hikari,hikari-10,2,0,1,700.0
poi00189,post_office,279.0,2539.4,hikari,hikari-10,11,0,2,650.0
poi00190,petrol,846.2,2310.0,hikari,hikari-10,5,0,1,1100.0
poi00191,convenience,837.5,2323.9,tetsuba,tetsuba-07,7,0,1,180.0
poi00192,shop_street,1325.9,2892.4,tetsuba,tetsuba-07,15,0,1,900.0
poi00193,school_junior_high,1528.8,2897.8,tetsuba,tetsuba-07,44,620,3,5200.0
poi00194,clinic,1359.5,2995.0,tetsuba,tetsuba-07,9,0,2,420.0
poi00195,shrine,1346.8,3612.9,tetsuba,tetsuba-07,2,0,1,700.0
poi00196,park,1396.6,3552.9,tetsuba,tetsuba-07,2,0,0,4800.0
poi00197,convenience,2500.6,3612.1,tetsuba,tetsuba-08,7,0,1,180.0
poi00198,shop_street,1101.2,3886.2,tetsuba,tetsuba-08,9,0,1,900.0
poi00199,post_office,2764.8,4133.5,tetsuba,tetsuba-08,11,0,2,650.0
poi00200,fire_station,1869.2,4289.6,tetsuba,tetsuba-08,22,0,2,2100.0
poi00201,petrol,2500.6,3612.1,tetsuba,tetsuba-08,5,0,1,1100.0
poi00202,convenience,228.5,2913.1,naka,naka-08,7,0,1,180.0
poi00203,convenience,228.5,2913.1,naka,naka-08,7,0,1,180.0
poi00204,convenience,228.5,2913.1,naka,naka-08,7,0,1,180.0
poi00205,convenience,228.5,2913.1,naka,naka-08,7,0,1,180.0
poi00206,convenience,228.5,2913.1,naka,naka-08,7,0,1,180.0
poi00207,convenience,228.5,2913.1,naka,naka-08,7,0,1,180.0
poi00208,convenience,228.5,2913.1,naka,naka-08,7,0,1,180.0
poi00209,convenience,228.5,2913.1,naka,naka-08,7,0,1,180.0
poi00210,shop_street,-193.5,3419.1,naka,naka-08,71,0,1,900.0
poi00211,school_primary,-663.4,2664.7,naka,naka-08,28,520,3,3400.0
poi00212,school_junior_high,-5.0,3312.4,naka,naka-08,44,620,3,5200.0
poi00213,clinic,38.4,3999.6,naka,naka-08,9,0,2,420.0
poi00214,clinic,-206.4,3540.6,naka,naka-08,9,0,2,420.0
poi00215,clinic,-234.2,2763.2,naka,naka-08,9,0,2,420.0
poi00216,clinic,-221.8,2539.5,naka,naka-08,9,0,2,420.0
poi00217,clinic,614.2,3644.2,naka,naka-08,9,0,2,420.0
poi00218,shrine,-276.8,3127.4,naka,naka-08,2,0,1,700.0
poi00219,park,125.1,3812.3,naka,naka-08,2,0,0,4800.0
poi00220,convenience,803.2,3332.5,naka,naka-02,7,0,1,180.0
poi00221,shop_street,971.6,3238.9,naka,naka-02,12,0,1,900.0
poi00222,shrine,971.4,3285.1,naka,naka-02,2,0,1,700.0
poi00223,post_office,986.8,3223.5,naka,naka-02,11,0,2,650.0
poi00224,park,940.0,3303.2,naka,naka-02,2,0,0,4800.0
poi00225,petrol,1025.1,2994.0,naka,naka-02,5,0,1,1100.0
poi00226,convenience,715.2,4994.8,naka,naka-09,7,0,1,180.0
poi00227,convenience,715.2,4994.8,naka,naka-09,7,0,1,180.0
poi00228,shop_street,800.5,5346.0,naka,naka-09,17,0,1,900.0
poi00229,school_junior_high,758.7,5963.6,naka,naka-09,44,620,3,5200.0
poi00230,clinic,339.6,5158.6,naka,naka-09,9,0,2,420.0
poi00231,shrine,100.5,4882.2,naka,naka-09,2,0,1,700.0
poi00232,park,1300.8,5659.4,naka,naka-09,2,0,0,4800.0
poi00233,shop_street,829.7,2920.9,naka,naka-06,7,0,1,900.0
poi00234,bank,718.1,2933.6,naka,naka-06,14,0,3,900.0
poi00235,post_office,718.1,2933.6,naka,naka-06,11,0,2,650.0
poi00236,petrol,714.7,2996.1,naka,naka-06,5,0,1,1100.0
poi00237,convenience,337.2,3914.2,naka,naka-07,7,0,1,180.0
poi00238,convenience,337.2,3914.2,naka,naka-07,7,0,1,180.0
poi00239,convenience,337.2,3914.2,naka,naka-07,7,0,1,180.0
poi00240,convenience,337.2,3914.2,naka,naka-07,7,0,1,180.0
poi00241,convenience,337.2,3914.2,naka,naka-07,7,0,1,180.0
poi00242,convenience,337.2,3914.2,naka,naka-07,7,0,1,180.0
poi00243,convenience,337.2,3914.2,naka,naka-07,7,0,1,180.0
poi00244,convenience,337.2,3914.2,naka,naka-07,7,0,1,180.0
poi00245,shop_street,1162.6,4610.6,naka,naka-07,69,0,1,900.0
poi00246,school_primary,1220.5,4331.4,naka,naka-07,28,520,3,3400.0
poi00247,school_primary,1426.3,4904.0,naka,naka-07,28,520,3,3400.0
poi00248,school_junior_high,581.0,4463.0,naka,naka-07,44,620,3,5200.0
poi00249,clinic,978.0,4682.1,naka,naka-07,9,0,2,420.0
poi00250,clinic,1268.7,4887.9,naka,naka-07,9,0,2,420.0
poi00251,clinic,1597.1,5332.1,naka,naka-07,9,0,2,420.0
poi00252,clinic,1653.5,5140.2,naka,naka-07,9,0,2,420.0
poi00253,clinic,278.4,4686.8,naka,naka-07,9,0,2,420.0
poi00254,shrine,1306.9,4448.7,naka,naka-07,2,0,1,700.0
poi00255,park,958.5,4321.6,naka,naka-07,2,0,0,4800.0
poi00256,shop_street,1053.7,6241.6,tetsuba,tetsuba-03,5,0,1,900.0
poi00257,fire_station,1215.4,6000.2,tetsuba,tetsuba-03,22,0,2,2100.0
poi00258,convenience,2299.1,2576.5,tetsuba,tetsuba-05,7,0,1,180.0
poi00259,shop_street,2776.0,2549.1,tetsuba,tetsuba-05,13,0,1,900.0
poi00260,clinic,2297.6,2980.2,tetsuba,tetsuba-05,9,0,2,420.0
poi00261,park,2388.1,2762.9,tetsuba,tetsuba-05,2,0,0,4800.0
poi00262,convenience,5218.9,-8.7,minami,minami-08,7,0,1,180.0
poi00263,convenience,5218.9,-8.7,minami,minami-08,7,0,1,180.0
poi00264,convenience,5218.9,-8.7,minami,minami-08,7,0,1,180.0
poi00265,convenience,5218.9,-8.7,minami,minami-08,7,0,1,180.0
poi00266,shop_street,5319.6,135.6,minami,minami-08,34,0,1,900.0
poi00267,school_primary,5194.5,546.4,minami,minami-08,28,520,3,3400.0
poi00268,school_junior_high,4993.9,-98.8,minami,minami-08,44,620,3,5200.0
poi00269,clinic,5360.4,-298.2,minami,minami-08,9,0,2,420.0
poi00270,clinic,5043.3,-320.2,minami,minami-08,9,0,2,420.0
poi00271,shrine,5186.9,328.9,minami,minami-08,2,0,1,700.0
poi00272,park,5074.6,-318.1,minami,minami-08,2,0,0,4800.0
poi00273,convenience,7956.8,3859.6,higashi,higashi-03,7,0,1,180.0
poi00274,convenience,7956.8,3859.6,higashi,higashi-03,7,0,1,180.0
poi00275,convenience,7956.8,3859.6,higashi,higashi-03,7,0,1,180.0
poi00276,convenience,7956.8,3859.6,higashi,higashi-03,7,0,1,180.0
poi00277,convenience,7956.8,3859.6,higashi,higashi-03,7,0,1,180.0
poi00278,shop_street,7615.1,2875.7,higashi,higashi-03,43,0,1,900.0
poi00279,school_primary,8022.2,4001.7,higashi,higashi-03,28,520,3,3400.0
poi00280,school_junior_high,8364.9,3528.5,higashi,higashi-03,44,620,3,5200.0
poi00281,clinic,7816.8,3153.4,higashi,higashi-03,9,0,2,420.0
poi00282,clinic,8762.6,3355.9,higashi,higashi-03,9,0,2,420.0
poi00283,clinic,8328.7,3484.4,higashi,higashi-03,9,0,2,420.0
poi00284,clinic,8466.3,2739.7,higashi,higashi-03,9,0,2,420.0
poi00285,shrine,8941.8,3437.2,higashi,higashi-03,2,0,1,700.0
poi00286,park,8552.8,2678.2,higashi,higashi-03,2,0,0,4800.0
poi00287,convenience,6807.4,5055.0,higashi,higashi-02,7,0,1,180.0
poi00288,convenience,6807.4,5055.0,higashi,higashi-02,7,0,1,180.0
poi00289,convenience,6807.4,5055.0,higashi,higashi-02,7,0,1,180.0
poi00290,shop_street,6154.7,4870.7,higashi,higashi-02,31,0,1,900.0
poi00291,school_primary,7019.9,5490.8,higashi,higashi-02,28,520,3,3400.0
poi00292,school_junior_high,6244.8,5155.5,higashi,higashi-02,44,620,3,5200.0
poi00293,clinic,6472.8,5622.5,higashi,higashi-02,9,0,2,420.0
poi00294,clinic,6663.0,5367.4,higashi,higashi-02,9,0,2,420.0
poi00295,clinic,5622.6,4412.8,higashi,higashi-02,9,0,2,420.0
poi00296,shrine,6319.4,4311.1,higashi,higashi-02,2,0,1,700.0
poi00297,park,6641.9,5857.7,higashi,higashi-02,2,0,0,4800.0
poi00298,convenience,2112.6,3283.0,naka,naka-03,7,0,1,180.0
poi00299,convenience,2112.6,3283.0,naka,naka-03,7,0,1,180.0
poi00300,convenience,2112.6,3283.0,naka,naka-03,7,0,1,180.0
poi00301,convenience,2112.6,3283.0,naka,naka-03,7,0,1,180.0
poi00302,convenience,2112.6,3283.0,naka,naka-03,7,0,1,180.0
poi00303,convenience,2112.6,3283.0,naka,naka-03,7,0,1,180.0
poi00304,convenience,2112.6,3283.0,naka,naka-03,7,0,1,180.0
poi00305,shop_street,1906.8,3530.9,naka,naka-03,58,0,1,900.0
poi00306,school_primary,1876.1,3496.8,naka,naka-03,28,520,3,3400.0
poi00307,school_junior_high,2272.7,2984.7,naka,naka-03,44,620,3,5200.0
poi00308,clinic,1925.3,3296.2,naka,naka-03,9,0,2,420.0
poi00309,clinic,2278.3,3049.4,naka,naka-03,9,0,2,420.0
poi00310,clinic,2516.1,3577.9,naka,naka-03,9,0,2,420.0
poi00311,clinic,2247.4,3172.0,naka,naka-03,9,0,2,420.0
poi00312,shrine,2258.8,3571.2,naka,naka-03,2,0,1,700.0
poi00313,bank,2113.0,3565.6,naka,naka-03,14,0,3,900.0
poi00314,post_office,2113.0,3565.6,naka,naka-03,11,0,2,650.0
poi00315,park,2247.4,3172.0,naka,naka-03,2,0,0,4800.0
poi00316,petrol,2112.6,3283.0,naka,naka-03,5,0,1,1100.0
poi00317,parking,2112.6,3283.0,naka,naka-03,6,0,5,2600.0
poi00318,convenience,5637.5,2116.6,minami,minami-07,7,0,1,180.0
poi00319,shop_street,5289.8,1780.9,minami,minami-07,10,0,1,900.0
poi00320,shrine,5273.5,1871.4,minami,minami-07,2,0,1,700.0
poi00321,bank,5850.7,2100.2,minami,minami-07,14,0,3,900.0
poi00322,post_office,5850.7,2100.2,minami,minami-07,11,0,2,650.0
poi00323,police_box,5637.5,2116.6,minami,minami-07,6,0,1,140.0
poi00324,petrol,5637.5,2116.6,minami,minami-07,5,0,1,1100.0
poi00325,convenience,-254.4,1309.8,hikari,hikari-03,7,0,1,180.0
poi00326,convenience,-254.4,1309.8,hikari,hikari-03,7,0,1,180.0
poi00327,convenience,-254.4,1309.8,hikari,hikari-03,7,0,1,180.0
poi00328,convenience,-254.4,1309.8,hikari,hikari-03,7,0,1,180.0
poi00329,convenience,-254.4,1309.8,hikari,hikari-03,7,0,1,180.0
poi00330,convenience,-254.4,1309.8,hikari,hikari-03,7,0,1,180.0
poi00331,convenience,-254.4,1309.8,hikari,hikari-03,7,0,1,180.0
poi00332,convenience,-254.4,1309.8,hikari,hikari-03,7,0,1,180.0
poi00333,convenience,-254.4,1309.8,hikari,hikari-03,7,0,1,180.0
poi00334,convenience,-254.4,1309.8,hikari,hikari-03,7,0,1,180.0
poi00335,shop_street,-259.9,1157.9,hikari,hikari-03,80,0,1,900.0
poi00336,school_primary,-499.4,1740.9,hikari,hikari-03,28,520,3,3400.0
poi00337,school_junior_high,-871.5,1527.6,hikari,hikari-03,44,620,3,5200.0
poi00338,clinic,-1093.6,1773.7,hikari,hikari-03,9,0,2,420.0
poi00339,clinic,-1506.6,768.3,hikari,hikari-03,9,0,2,420.0
poi00340,clinic,-1131.3,985.3,hikari,hikari-03,9,0,2,420.0
poi00341,clinic,-1140.4,1898.5,hikari,hikari-03,9,0,2,420.0
poi00342,clinic,-280.6,1562.0,hikari,hikari-03,9,0,2,420.0
poi00343,clinic,-1102.8,2073.6,hikari,hikari-03,9,0,2,420.0
poi00344,shrine,-1337.0,756.6,hikari,hikari-03,2,0,1,700.0
poi00345,bank,-1432.8,779.1,hikari,hikari-03,14,0,3,900.0
poi00346,post_office,-1432.8,779.1,hikari,hikari-03,11,0,2,650.0
poi00347,police_box,-254.4,1309.8,hikari,hikari-03,6,0,1,140.0
poi00348,petrol,-254.4,1309.8,hikari,hikari-03,5,0,1,1100.0
poi00349,convenience,-2235.7,993.9,tsukimachi,tsukimachi-05,7,0,1,180.0
poi00350,shop_street,-1884.5,1088.9,tsukimachi,tsukimachi-05,13,0,1,900.0
poi00351,clinic,-3152.0,208.3,tsukimachi,tsukimachi-05,9,0,2,420.0
poi00352,park,-2775.3,521.7,tsukimachi,tsukimachi-05,2,0,0,4800.0
poi00353,convenience,-3666.3,1450.1,tsukimachi,tsukimachi-07,7,0,1,180.0
poi00354,shop_street,-4626.7,660.9,tsukimachi,tsukimachi-07,12,0,1,900.0
poi00355,clinic,-3865.8,1596.4,tsukimachi,tsukimachi-07,9,0,2,420.0
poi00356,shrine,-4582.6,570.7,tsukimachi,tsukimachi-07,2,0,1,700.0
poi00357,park,-4442.7,825.7,tsukimachi,tsukimachi-07,2,0,0,4800.0
poi00358,convenience,-415.5,6170.9,naka,naka-04,7,0,1,180.0
poi00359,shop_street,31.8,6177.2,naka,naka-04,10,0,1,900.0
poi00360,shrine,-338.7,6300.3,naka,naka-04,2,0,1,700.0
poi00361,park,-1158.2,5663.1,naka,naka-04,2,0,0,4800.0
poi00362,convenience,-1106.2,-412.8,hikari,hikari-01,7,0,1,180.0
poi00363,convenience,-1683.3,172.9,hikari,hikari-01,7,0,1,180.0
poi00364,convenience,-1489.2,514.9,hikari,hikari-01,7,0,1,180.0
poi00365,convenience,-1186.8,-404.0,hikari,hikari-01,7,0,1,180.0
poi00366,convenience,-1639.6,-443.9,hikari,hikari-01,7,0,1,180.0
poi00367,convenience,-1289.9,-644.1,hikari,hikari-01,7,0,1,180.0
poi00368,convenience,-1186.1,296.2,hikari,hikari-01,7,0,1,180.0
poi00369,shop_street,-2088.6,-196.1,hikari,hikari-01,63,0,1,900.0
poi00370,school_primary,-1611.5,-252.1,hikari,hikari-01,28,520,3,3400.0
poi00371,school_junior_high,-2104.2,-175.1,hikari,hikari-01,44,620,3,5200.0
poi00372,clinic,-1869.6,-839.3,hikari,hikari-01,9,0,2,420.0
poi00373,clinic,-1674.4,-605.1,hikari,hikari-01,9,0,2,420.0
poi00374,clinic,-1215.6,-250.2,hikari,hikari-01,9,0,2,420.0
poi00375,clinic,-1223.7,-426.9,hikari,hikari-01,9,0,2,420.0
poi00376,clinic,-1840.4,447.3,hikari,hikari-01,9,0,2,420.0
poi00377,shrine,-2089.1,-206.5,hikari,hikari-01,2,0,1,700.0
poi00378,police_box,-1882.1,-507.1,hikari,hikari-01,6,0,1,140.0
poi00379,petrol,-1611.7,-74.2,hikari,hikari-01,5,0,1,1100.0
poi00380,parking,-1611.7,-74.2,hikari,hikari-01,6,0,5,2600.0
poi00381,convenience,-1265.9,-725.9,hikari,hikari-04,7,0,1,180.0
poi00382,convenience,-1265.9,-725.9,hikari,hikari-04,7,0,1,180.0
poi00383,convenience,-1265.9,-725.9,hikari,hikari-04,7,0,1,180.0
poi00384,convenience,-1265.9,-725.9,hikari,hikari-04,7,0,1,180.0
poi00385,convenience,-1265.9,-725.9,hikari,hikari-04,7,0,1,180.0
poi00386,convenience,-1265.9,-725.9,hikari,hikari-04,7,0,1,180.0
poi00387,shop_street,-1316.5,-915.7,hikari,hikari-04,55,0,1,900.0
poi00388,school_primary,-338.8,-1023.4,hikari,hikari-04,28,520,3,3400.0
poi00389,school_junior_high,-1456.2,-1309.6,hikari,hikari-04,44,620,3,5200.0
poi00390,clinic,-1322.8,-1245.1,hikari,hikari-04,9,0,2,420.0
poi00391,clinic,-321.0,-845.9,hikari,hikari-04,9,0,2,420.0
poi00392,clinic,-480.3,-894.8,hikari,hikari-04,9,0,2,420.0
poi00393,shrine,-323.9,-1069.7,hikari,hikari-04,2,0,1,700.0
poi00394,bank,-429.6,-749.0,hikari,hikari-04,14,0,3,900.0
poi00395,post_office,-429.6,-749.0,hikari,hikari-04,11,0,2,650.0
poi00396,police_box,-1265.9,-725.9,hikari,hikari-04,6,0,1,140.0
poi00397,petrol,-1265.9,-725.9,hikari,hikari-04,5,0,1,1100.0
poi00398,convenience,-1085.2,70.8,hikari,hikari-05,7,0,1,180.0
poi00399,convenience,-1085.2,70.8,hikari,hikari-05,7,0,1,180.0
poi00400,convenience,-1085.2,70.8,hikari,hikari-05,7,0,1,180.0
poi00401,convenience,-1085.2,70.8,hikari,hikari-05,7,0,1,180.0
poi00402,convenience,-1085.2,70.8,hikari,hikari-05,7,0,1,180.0
poi00403,convenience,-1085.2,70.8,hikari,hikari-05,7,0,1,180.0
poi00404,convenience,-1085.2,70.8,hikari,hikari-05,7,0,1,180.0
poi00405,shop_street,-472.0,87.5,hikari,hikari-05,59,0,1,900.0
poi00406,school_primary,-866.8,93.3,hikari,hikari-05,28,520,3,3400.0
poi00407,school_junior_high,-476.8,530.3,hikari,hikari-05,44,620,3,5200.0
poi00408,clinic,-887.3,245.8,hikari,hikari-05,9,0,2,420.0
poi00409,clinic,-783.5,734.0,hikari,hikari-05,9,0,2,420.0
poi00410,clinic,-237.8,691.0,hikari,hikari-05,9,0,2,420.0
poi00411,shrine,-575.2,-43.1,hikari,hikari-05,2,0,1,700.0
poi00412,post_office,-833.0,-257.7,hikari,hikari-05,11,0,2,650.0
poi00413,petrol,-1085.2,70.8,hikari,hikari-05,5,0,1,1100.0
poi00414,convenience,-235.0,-477.0,hikari,hikari-02,7,0,1,180.0
poi00415,convenience,-235.0,-477.0,hikari,hikari-02,7,0,1,180.0
poi00416,convenience,-235.0,-477.0,hikari,hikari-02,7,0,1,180.0
poi00417,convenience,-235.0,-477.0,hikari,hikari-02,7,0,1,180.0
poi00418,convenience,-235.0,-477.0,hikari,hikari-02,7,0,1,180.0
poi00419,convenience,-235.0,-477.0,hikari,hikari-02,7,0,1,180.0
poi00420,convenience,-235.0,-477.0,hikari,hikari-02,7,0,1,180.0
poi00421,convenience,-235.0,-477.0,hikari,hikari-02,7,0,1,180.0
poi00422,convenience,-235.0,-477.0,hikari,hikari-02,7,0,1,180.0
poi00423,convenience,-235.0,-477.0,hikari,hikari-02,7,0,1,180.0
poi00424,shop_street,332.7,-452.0,hikari,hikari-02,86,0,1,900.0
poi00425,school_primary,-27.3,126.8,hikari,hikari-02,28,520,3,3400.0
poi00426,school_primary,688.4,38.5,hikari,hikari-02,28,520,3,3400.0
poi00427,school_junior_high,36.6,263.4,hikari,hikari-02,44,620,3,5200.0
poi00428,clinic,100.6,115.4,hikari,hikari-02,9,0,2,420.0
poi00429,clinic,636.2,-264.2,hikari,hikari-02,9,0,2,420.0
poi00430,clinic,1006.2,406.3,hikari,hikari-02,9,0,2,420.0
poi00431,clinic,531.5,96.0,hikari,hikari-02,9,0,2,420.0
poi00432,clinic,809.5,311.6,hikari,hikari-02,9,0,2,420.0
poi00433,shrine,890.7,-84.5,hikari,hikari-02,2,0,1,700.0
poi00434,police_box,-235.0,-477.0,hikari,hikari-02,6,0,1,140.0
poi00435,petrol,-235.0,-477.0,hikari,hikari-02,5,0,1,1100.0
poi00436,parking,-235.0,-477.0,hikari,hikari-02,6,0,5,2600.0
poi00437,convenience,-4594.6,4422.0,tsukimachi,tsukimachi-02,7,0,1,180.0
poi00438,shop_street,-3277.3,5132.7,tsukimachi,tsukimachi-02,9,0,1,900.0
poi00439,shrine,-4327.5,4558.3,tsukimachi,tsukimachi-02,2,0,1,700.0
poi00440,park,-4226.7,4388.2,tsukimachi,tsukimachi-02,2,0,0,4800.0
poi00441,park,-2529.9,5420.0,tsukimachi,tsukimachi-08,2,0,0,4800.0
poi00442,convenience,3364.8,3743.4,tetsuba,tetsuba-04,7,0,1,180.0
poi00443,convenience,3364.8,3743.4,tetsuba,tetsuba-04,7,0,1,180.0
poi00444,convenience,3364.8,3743.4,tetsuba,tetsuba-04,7,0,1,180.0
poi00445,convenience,3364.8,3743.4,tetsuba,tetsuba-04,7,0,1,180.0
poi00446,shop_street,3419.9,3724.7,tetsuba,tetsuba-04,32,0,1,900.0
poi00447,school_primary,3475.4,4220.3,tetsuba,tetsuba-04,28,520,3,3400.0
poi00448,school_junior_high,4098.8,5037.4,tetsuba,tetsuba-04,44,620,3,5200.0
poi00449,clinic,4200.7,4341.4,tetsuba,tetsuba-04,9,0,2,420.0
poi00450,clinic,4778.2,4074.4,tetsuba,tetsuba-04,9,0,2,420.0
poi00451,clinic,4379.1,3856.1,tetsuba,tetsuba-04,9,0,2,420.0
poi00452,shrine,3946.2,4827.5,tetsuba,tetsuba-04,2,0,1,700.0
poi00453,park,4826.8,4850.4,tetsuba,tetsuba-04,2,0,0,4800.0
poi00454,convenience,5732.8,1110.4,minami,minami-01,7,0,1,180.0
poi00455,convenience,5979.7,811.4,minami,minami-01,7,0,1,180.0
poi00456,convenience,6057.8,1342.6,minami,minami-01,7,0,1,180.0
poi00457,shop_street,6077.8,1029.9,minami,minami-01,26,0,1,900.0
poi00458,school_junior_high,6223.8,1304.7,minami,minami-01,44,620,3,5200.0
poi00459,clinic,5900.5,1164.0,minami,minami-01,9,0,2,420.0
poi00460,clinic,5774.7,808.1,minami,minami-01,9,0,2,420.0
poi00461,shrine,6209.5,1296.2,minami,minami-01,2,0,1,700.0
poi00462,park,5856.4,888.3,minami,minami-01,2,0,0,4800.0
poi00463,shop_street,6911.3,992.0,minami,minami-03,6,0,1,900.0
poi00464,shrine,6896.4,872.5,minami,minami-03,2,0,1,700.0
poi00465,park,6849.3,1006.0,minami,minami-03,2,0,0,4800.0
poi00466,convenience,6929.9,1078.5,higashi,higashi-01,7,0,1,180.0
poi00467,convenience,6929.9,1078.5,higashi,higashi-01,7,0,1,180.0
poi00468,convenience,6929.9,1078.5,higashi,higashi-01,7,0,1,180.0
poi00469,convenience,6929.9,1078.5,higashi,higashi-01,7,0,1,180.0
poi00470,convenience,6929.9,1078.5,higashi,higashi-01,7,0,1,180.0
poi00471,convenience,6929.9,1078.5,higashi,higashi-01,7,0,1,180.0
poi00472,convenience,6929.9,1078.5,higashi,higashi-01,7,0,1,180.0
poi00473,convenience,6929.9,1078.5,higashi,higashi-01,7,0,1,180.0
poi00474,convenience,6929.9,1078.5,higashi,higashi-01,7,0,1,180.0
poi00475,convenience,6929.9,1078.5,higashi,higashi-01,7,0,1,180.0
poi00476,convenience,6929.9,1078.5,higashi,higashi-01,7,0,1,180.0
poi00477,convenience,6929.9,1078.5,higashi,higashi-01,7,0,1,180.0
poi00478,convenience,6929.9,1078.5,higashi,higashi-01,7,0,1,180.0
poi00479,convenience,6929.9,1078.5,higashi,higashi-01,7,0,1,180.0
poi00480,convenience,6929.9,1078.5,higashi,higashi-01,7,0,1,180.0
poi00481,convenience,6929.9,1078.5,higashi,higashi-01,7,0,1,180.0
poi00482,convenience,6929.9,1078.5,higashi,higashi-01,7,0,1,180.0
poi00483,convenience,6929.9,1078.5,higashi,higashi-01,7,0,1,180.0
poi00484,convenience,6929.9,1078.5,higashi,higashi-01,7,0,1,180.0
poi00485,convenience,6929.9,1078.5,higashi,higashi-01,7,0,1,180.0
poi00486,convenience,6929.9,1078.5,higashi,higashi-01,7,0,1,180.0
poi00487,convenience,6929.9,1078.5,higashi,higashi-01,7,0,1,180.0
poi00488,convenience,6929.9,1078.5,higashi,higashi-01,7,0,1,180.0
poi00489,convenience,6929.9,1078.5,higashi,higashi-01,7,0,1,180.0
poi00490,convenience,6929.9,1078.5,higashi,higashi-01,7,0,1,180.0
poi00491,convenience,6929.9,1078.5,higashi,higashi-01,7,0,1,180.0
poi00492,convenience,6929.9,1078.5,higashi,higashi-01,7,0,1,180.0
poi00493,convenience,6929.9,1078.5,higashi,higashi-01,7,0,1,180.0
poi00494,convenience,6929.9,1078.5,higashi,higashi-01,7,0,1,180.0
poi00495,convenience,6929.9,1078.5,higashi,higashi-01,7,0,1,180.0
poi00496,convenience,6929.9,1078.5,higashi,higashi-01,7,0,1,180.0
poi00497,shop_street,8119.4,1095.2,higashi,higashi-01,254,0,1,900.0
poi00498,school_primary,8627.3,2364.0,higashi,higashi-01,28,520,3,3400.0
poi00499,school_primary,8346.2,1956.7,higashi,higashi-01,28,520,3,3400.0
poi00500,school_primary,7070.4,1574.6,higashi,higashi-01,28,520,3,3400.0
poi00501,school_primary,7103.6,1927.4,higashi,higashi-01,28,520,3,3400.0
poi00502,school_primary,8791.0,1251.7,higashi,higashi-01,28,520,3,3400.0
poi00503,school_primary,6792.5,1475.8,higashi,higashi-01,28,520,3,3400.0
poi00504,school_primary,7544.2,1855.6,higashi,higashi-01,28,520,3,3400.0
poi00505,school_primary,8998.9,1594.3,higashi,higashi-01,28,520,3,3400.0
poi00506,school_primary,7447.8,1460.6,higashi,higashi-01,28,520,3,3400.0
poi00507,school_primary,9149.9,1713.1,higashi,higashi-01,28,520,3,3400.0
poi00508,school_junior_high,8106.0,1703.4,higashi,higashi-01,44,620,3,5200.0
poi00509,clinic,8283.9,1644.8,higashi,higashi-01,9,0,2,420.0
poi00510,clinic,6927.6,1556.0,higashi,higashi-01,9,0,2,420.0
poi00511,clinic,7237.4,880.0,higashi,higashi-01,9,0,2,420.0
poi00512,clinic,7659.1,1370.9,higashi,higashi-01,9,0,2,420.0
poi00513,clinic,8279.9,999.3,higashi,higashi-01,9,0,2,420.0
poi00514,clinic,8868.3,1975.2,higashi,higashi-01,9,0,2,420.0
poi00515,clinic,8526.0,496.0,higashi,higashi-01,9,0,2,420.0
poi00516,clinic,8135.5,1653.9,higashi,higashi-01,9,0,2,420.0
poi00517,clinic,8394.3,1305.5,higashi,higashi-01,9,0,2,420.0
poi00518,clinic,8030.2,939.9,higashi,higashi-01,9,0,2,420.0
poi00519,clinic,8249.5,1762.1,higashi,higashi-01,9,0,2,420.0
poi00520,clinic,7567.2,2074.5,higashi,higashi-01,9,0,2,420.0
poi00521,clinic,7118.6,1393.5,higashi,higashi-01,9,0,2,420.0
poi00522,clinic,7380.1,2433.9,higashi,higashi-01,9,0,2,420.0
poi00523,clinic,9375.3,1435.7,higashi,higashi-01,9,0,2,420.0
poi00524,clinic,7492.2,1210.8,higashi,higashi-01,9,0,2,420.0
poi00525,clinic,7323.8,2073.7,higashi,higashi-01,9,0,2,420.0
poi00526,clinic,6900.2,1346.4,higashi,higashi-01,9,0,2,420.0
poi00527,clinic,7939.7,2326.4,higashi,higashi-01,9,0,2,420.0
poi00528,clinic,8181.3,1765.1,higashi,higashi-01,9,0,2,420.0
poi00529,clinic,8464.6,1796.8,higashi,higashi-01,9,0,2,420.0
poi00530,clinic,7395.1,1211.9,higashi,higashi-01,9,0,2,420.0
poi00531,shrine,7326.3,1463.6,higashi,higashi-01,2,0,1,700.0
poi00532,bank,6706.1,1594.1,higashi,higashi-01,14,0,3,900.0
poi00533,park,8178.2,2215.3,higashi,higashi-01,2,0,0,4800.0
poi00534,petrol,6929.9,1078.5,higashi,higashi-01,5,0,1,1100.0
poi00535,parking,6929.9,1078.5,higashi,higashi-01,6,0,5,2600.0
poi00536,convenience,5845.4,170.7,minami,minami-09,7,0,1,180.0
poi00537,shop_street,5888.1,206.4,minami,minami-09,10,0,1,900.0
poi00538,park,5532.7,43.9,minami,minami-09,2,0,0,4800.0
poi00539,convenience,94.7,4833.8,naka,naka-10,7,0,1,180.0
poi00540,convenience,94.7,4833.8,naka,naka-10,7,0,1,180.0
poi00541,convenience,94.7,4833.8,naka,naka-10,7,0,1,180.0
poi00542,convenience,94.7,4833.8,naka,naka-10,7,0,1,180.0
poi00543,convenience,94.7,4833.8,naka,naka-10,7,0,1,180.0
poi00544,convenience,94.7,4833.8,naka,naka-10,7,0,1,180.0
poi00545,convenience,94.7,4833.8,naka,naka-10,7,0,1,180.0
poi00546,convenience,94.7,4833.8,naka,naka-10,7,0,1,180.0
poi00547,convenience,94.7,4833.8,naka,naka-10,7,0,1,180.0
poi00548,convenience,94.7,4833.8,naka,naka-10,7,0,1,180.0
poi00549,convenience,94.7,4833.8,naka,naka-10,7,0,1,180.0
poi00550,convenience,94.7,4833.8,naka,naka-10,7,0,1,180.0
poi00551,shop_street,-499.2,4135.0,naka,naka-10,97,0,1,900.0
poi00552,school_primary,-1005.7,4535.2,naka,naka-10,28,520,3,3400.0
poi00553,school_primary,-561.7,4141.2,naka,naka-10,28,520,3,3400.0
poi00554,school_primary,-815.8,4464.0,naka,naka-10,28,520,3,3400.0
poi00555,school_junior_high,-903.7,5032.6,naka,naka-10,44,620,3,5200.0
poi00556,clinic,-190.8,4374.4,naka,naka-10,9,0,2,420.0
poi00557,clinic,-465.2,3942.9,naka,naka-10,9,0,2,420.0
poi00558,clinic,-362.7,4570.2,naka,naka-10,9,0,2,420.0
poi00559,clinic,-90.9,4745.1,naka,naka-10,9,0,2,420.0
poi00560,clinic,-716.1,4653.7,naka,naka-10,9,0,2,420.0
poi00561,clinic,-970.0,3977.1,naka,naka-10,9,0,2,420.0
poi00562,clinic,-1229.1,4168.2,naka,naka-10,9,0,2,420.0
poi00563,shrine,-576.0,4151.2,naka,naka-10,2,0,1,700.0
poi00564,park,-803.2,4694.8,naka,naka-10,2,0,0,4800.0
poi00565,convenience,-7696.2,488.9,nishi,nishi-01,7,0,1,180.0
poi00566,shop_street,-7831.4,416.4,nishi,nishi-01,12,0,1,900.0
poi00567,clinic,-7139.1,1406.7,nishi,nishi-01,9,0,2,420.0
poi00568,shrine,-7005.4,967.2,nishi,nishi-01,2,0,1,700.0
poi00569,park,-6907.2,1355.9,nishi,nishi-01,2,0,0,4800.0
poi00570,convenience,-9301.4,2491.9,nishi,nishi-06,7,0,1,180.0
poi00571,convenience,-8035.6,2730.7,nishi,nishi-06,7,0,1,180.0
poi00572,convenience,-9030.3,3169.5,nishi,nishi-06,7,0,1,180.0
poi00573,convenience,-9483.8,1955.0,nishi,nishi-06,7,0,1,180.0
poi00574,shop_street,-9027.2,2916.0,nishi,nishi-06,32,0,1,900.0
poi00575,school_primary,-9028.3,2451.8,nishi,nishi-06,28,520,3,3400.0
poi00576,school_junior_high,-8977.5,2032.3,nishi,nishi-06,44,620,3,5200.0
poi00577,clinic,-8413.5,2290.6,nishi,nishi-06,9,0,2,420.0
poi00578,clinic,-9002.4,2426.1,nishi,nishi-06,9,0,2,420.0
poi00579,clinic,-8155.2,2812.5,nishi,nishi-06,9,0,2,420.0
poi00580,shrine,-8778.6,2154.3,nishi,nishi-06,2,0,1,700.0
poi00581,park,-8622.2,1794.8,nishi,nishi-06,2,0,0,4800.0
poi00582,convenience,-4912.3,-5000.8,rural_south,rural_south-04,7,0,1,180.0
poi00583,convenience,-4093.0,-4729.8,rural_south,rural_south-04,7,0,1,180.0
poi00584,convenience,-2274.3,-4245.7,rural_south,rural_south-04,7,0,1,180.0
poi00585,shop_street,-4719.9,-3512.6,rural_south,rural_south-04,24,0,1,900.0
poi00586,school_junior_high,-5140.7,-4590.8,rural_south,rural_south-04,44,620,3,5200.0
poi00587,clinic,-2951.8,-3909.1,rural_south,rural_south-04,9,0,2,420.0
poi00588,clinic,-4658.7,-3722.7,rural_south,rural_south-04,9,0,2,420.0
poi00589,shrine,-3378.8,-3153.8,rural_south,rural_south-04,2,0,1,700.0
poi00590,park,-4860.4,-3146.7,rural_south,rural_south-04,2,0,0,4800.0
poi00591,university,-554.0,2372.7,naka,naka-08,310,6000,5,24000.0
poi00592,university,-8653.1,3618.0,nishi,nishi-04,310,6000,5,24000.0
poi00593,university,8458.8,3397.9,higashi,higashi-03,310,6000,5,24000.0
poi00594,ward_office,-1020.1,4781.1,naka,naka-10,64,0,5,3800.0
poi00595,ward_office,2326.7,204.9,minato_kita,minato_kita-04,64,0,5,3800.0
poi00596,ward_office,-1072.3,1637.0,hikari,hikari-03,64,0,5,3800.0
poi00597,ward_office,-682.0,-1497.8,hikari,hikari-04,64,0,5,3800.0
poi00598,power_station,3600.0,4400.0,tetsuba,tetsuba-04,14,0,1,9000.0
poi00599,power_station,7400.0,-400.0,port,port-01,14,0,1,9000.0
poi00600,reservoir,2050.0,8600.0,,,4,0,0,5200.0
poi00601,reservoir,1180.0,9900.0,,,4,0,0,5200.0
poi00602,water_treatment,1900.0,6950.0,rural_north,rural_north-07,26,0,2,18000.0
poi00603,water_treatment,5950.0,1050.0,minami,minami-01,26,0,2,18000.0
poi00604,landfill,-8141.4,5288.4,rural_west,rural_west-06,12,0,1,26000.0
poi00605,landfill,42.7,10907.1,tenro,tenro-03,12,0,1,26000.0
poi00606,cemetery,-6082.2,9604.1,rural_west,rural_west-02,3,0,0,16000.0
poi00607,cemetery,-1424.8,9248.7,rural_north,rural_north-03,3,0,0,16000.0
poi00608,cemetery,9293.0,807.8,higashi,higashi-08,3,0,0,16000.0
poi00609,cemetery,-8354.7,-2775.9,rural_south,rural_south-06,3,0,0,16000.0
